exit_reason,minutes_to_exit,mfe_r,mae_r,r_final,r_at_60min,r_at_120min,r_at_240min,r_at_480min,r_at_720min,action
TIMEOUT,720.0,0.1522863980415394,-0.8888839910301453,-0.6888030926801851,0.12089197136836777,-0.2380353544772336,-0.7028602986532588,-0.5861854890768174,-0.6888030926801851,LONG
SL,638.0,0.17370367606399084,-1.0987631858410172,-1.0,-0.13931267979629294,-0.14922194990733015,-0.7198793286544622,-0.5630797016034079,-1.0,LONG
SL,74.0,0.14380025463296167,-1.013021436655529,-1.0,-0.3768337029891001,-1.0,-1.0,-1.0,-1.0,LONG
SL,203.0,0.03628749223410808,-1.1073537952733037,-1.0,-0.3371225084975657,-0.4026741073721153,-1.0,-1.0,-1.0,LONG
SL,38.0,0.09002059301824024,-1.135974149991889,-1.0,-1.0,-1.0,-1.0,-1.0,-1.0,LONG
SL,187.0,0.29374787578314343,-1.222841835839316,-1.0,-0.27115188533827694,0.04917950861526209,-1.0,-1.0,-1.0,LONG
SL,68.0,1.3928030418682595,-2.2850907660169706,-1.0,1.1499935276174167,-1.0,-1.0,-1.0,-1.0,LONG
SL,37.0,0.24492849687803062,-1.098645613399922,-1.0,-1.0,-1.0,-1.0,-1.0,-1.0,LONG
TIMEOUT,720.0,0.163358598193539,-0.82618972449211,-0.2616628873719615,-0.14456513114472536,-0.0028913026229083127,-0.11276080229289827,-0.5623583601529961,-0.2616628873719615,LONG
SL,395.0,0.04128572597172689,-1.0183812406357438,-1.0,-0.2781871535713425,-0.17595583211756388,-0.4934627247096008,-1.0,-1.0,LONG
SL,217.0,0.10745295082313774,-1.0920490110828789,-1.0,-0.1284763542450352,-0.4204680684383212,-1.0,-1.0,-1.0,LONG
SL,157.0,0.11036607441513449,-1.042191031818918,-1.0,-0.2388936547466996,-0.3883768188279557,-1.0,-1.0,-1.0,LONG
SL,135.0,0.25331386567018677,-1.014639691454963,-1.0,-0.11212253070650449,-0.41526863224622435,-1.0,-1.0,-1.0,SHORT
TP,405.0,2.0182335987503865,-0.2733198267506906,2.0000000000000377,0.39498048134089475,0.36498196377068826,1.073280295289203,2.0000000000000377,2.0000000000000377,SHORT
SL,525.0,1.683874748823529,-1.090985379739262,-1.0,0.005170546823443369,0.13615773301646683,1.03927991150522,0.4446670268131906,-1.0,SHORT
SL,155.0,0.7399972725239884,-1.1022729770992432,-1.0,-0.3819340761413701,-0.2696005243350829,-1.0,-1.0,-1.0,SHORT
SL,75.0,0.17966404503037017,-1.033636816029219,-1.0,-0.45143434099405527,-1.0,-1.0,-1.0,-1.0,SHORT
SL,105.0,0.3085170988155084,-1.0914207044117654,-1.0,-0.04754923028337241,-1.0,-1.0,-1.0,-1.0,SHORT
TP,485.0,2.2768565022250558,-0.5584742363948251,2.0,0.10052536255107476,0.02835330738619256,0.15980955072220288,1.143583397910014,2.0,SHORT
TP,362.0,2.34973333964358,-0.7036448629322345,2.0,-0.5355583635497332,0.2654607473006274,0.16344963043402283,2.0,2.0,SHORT
TP,623.0,2.612911921395152,-0.14466869673484312,1.9999999999999798,0.060352585140926174,0.7419817820266225,0.5209848158488392,0.24318541659723938,1.9999999999999798,SHORT
SL,330.0,0.5850668573935838,-1.05481312264269,-1.0,-0.09627682463439635,-0.26449677097359253,-0.16927793342311367,-1.0,-1.0,SHORT
TP,353.0,2.698728338463893,-0.5463955116479046,1.999999999999975,0.38125772009510833,0.1873039380699836,0.12967195712537716,1.999999999999975,1.999999999999975,SHORT
SL,120.0,0.26656965109673164,-1.0833977562921775,-1.0,-0.3264866827652347,-1.0,-1.0,-1.0,-1.0,SHORT
TP,113.0,3.4644020274893164,-0.15036467133200182,1.9999999999999658,1.0826256335904199,1.9999999999999658,1.9999999999999658,1.9999999999999658,1.9999999999999658,SHORT
SL,222.0,0.1909926683952985,-1.046151570872061,-1.0,0.031592772215752976,-0.15221972067596898,-1.0,-1.0,-1.0,SHORT
SL,422.0,0.4198292498094039,-1.0206857908209892,-1.0,0.26191182556916437,-0.04236808943031083,-0.27731840354380694,-1.0,-1.0,SHORT
SL,134.0,0.041074831832826536,-1.044903648820818,-1.0,-0.382697213662097,-0.3736807871621905,-1.0,-1.0,-1.0,SHORT
SL,351.0,0.6809633308129297,-1.7449685352080788,-1.0,0.34656169514587415,0.4778903375169271,-0.3052174929179296,-1.0,-1.0,SHORT
SL,146.0,0.07499679319075774,-1.042924155309193,-1.0,-0.44763710935741685,-0.7230159593548012,-1.0,-1.0,-1.0,SHORT
SL,51.0,0.4789523238229181,-1.5242130556880409,-1.0,-1.0,-1.0,-1.0,-1.0,-1.0,SHORT
SL,62.0,0.09415909522765632,-1.0533051330548642,-1.0,-0.7213544244557626,-1.0,-1.0,-1.0,-1.0,LONG
SL,58.0,0.9691371588727432,-1.0142133057970146,-1.0,-1.0,-1.0,-1.0,-1.0,-1.0,LONG
TP,505.0,2.0520984888896727,-0.2290288492064358,2.0,0.03414611933623906,0.04913709855702925,0.3364642002887244,1.300883863492565,2.0,LONG
TIMEOUT,720.0,1.238331664692844,-0.7358061775294147,-0.48016942100335264,0.013608040271359648,0.18079253503366138,0.34603302404289277,-0.3936611649926184,-0.48016942100335264,SHORT
SL,685.0,1.1119314330395926,-1.0674137050562005,-1.0,0.26609460135525453,0.19527094319986196,0.294424064617407,-0.7132954142792604,-1.0,SHORT
SL,190.0,1.0100327500152464,-1.082258555602914,-1.0,-0.02595614888307529,0.15912247793537126,-1.0,-1.0,-1.0,SHORT
SL,310.0,0.1855582242767071,-1.0140211197238564,-1.0,-0.3329132847317253,-0.6287149246081192,-0.3252726519673975,-1.0,-1.0,SHORT
SL,78.0,0.7572715728781018,-1.0520092563489565,-1.0,-0.07295487214625182,-1.0,-1.0,-1.0,-1.0,SHORT
SL,33.0,0.2905505554631436,-1.0060652411129987,-1.0,-1.0,-1.0,-1.0,-1.0,-1.0,SHORT
TIMEOUT,720.0,1.023963555009505,-0.6726855093003112,0.36800557169535875,0.05018257795844072,-0.05018257795846789,-0.13382020788923865,0.7025560914184146,0.36800557169535875,SHORT
TIMEOUT,720.0,0.9583220274194484,-0.9637362761618953,0.08933510425097466,-0.5360106255057556,-0.441261272512334,-0.41825071535677294,-0.036546179011755366,0.08933510425097466,SHORT
TIMEOUT,720.0,1.408007972568096,-0.7652217242217876,0.01989576482978318,0.11172237173638377,-0.3642455407295876,0.9320400601021248,0.6917604386964932,0.01989576482978318,SHORT
TIMEOUT,720.0,1.5292679683041588,-0.6059931083840387,-0.022555574753727978,-0.0,0.10826675881799687,1.2149936267352413,0.5533634339586393,-0.022555574753727978,SHORT
TIMEOUT,720.0,1.3258723365080682,-0.2137335187267079,0.8175005207795614,0.5784087879666292,0.8923676290341019,0.1593944885419456,0.4407499114985665,0.8175005207795614,SHORT
TIMEOUT,720.0,0.8311540084728407,-0.7158844744510291,0.09342899073343934,0.37371596293378495,0.5775610336249103,-0.14803034895425973,-0.13953680434213642,0.09342899073343934,SHORT
TIMEOUT,720.0,0.3534053187037062,-0.7665734880499743,0.2062967632758273,0.07815142007106964,-0.17239283839204925,-0.1304439143833162,-0.3447856767840985,0.2062967632758273,LONG
TP,528.0,2.4200377770784347,-0.1517997158119106,2.0000000000000164,0.17442371191850684,0.05619508710344832,0.229888992695937,0.6473382111787077,2.0000000000000164,LONG
TP,498.0,2.3137416431328437,-0.324972127223182,2.000000000000017,0.18494957470997317,-0.049419724416418634,-0.18494957470997317,0.5331339967348244,2.000000000000017,LONG
TP,393.0,2.645625073792593,-0.3047492173609282,2.0,0.3725642904549554,-0.13228125368964297,0.16995629429743375,2.0,2.0,LONG
TP,348.0,2.3033010444309974,-0.6429177869936307,2.000000000000019,-0.20566680832306158,-0.48741361484693624,-0.04263824074990162,2.000000000000019,2.000000000000019,LONG
TP,168.0,3.0764224500655692,-0.20869670201891402,1.999999999999976,0.10381866394849579,0.5032027079136182,1.999999999999976,1.999999999999976,1.999999999999976,LONG
SL,99.0,0.27609020912234006,-1.7081907836514583,-1.0,-0.15025317503255467,-1.0,-1.0,-1.0,-1.0,LONG
SL,209.0,0.5813878337839343,-1.0524018183285058,-1.0,-0.17390298339453125,-0.5878049180420146,-1.0,-1.0,-1.0,LONG
TIMEOUT,720.0,0.07504985423316321,-0.9461202935297113,-0.15809682408137163,-0.4896695407344917,-0.4041619199278487,-0.44107168430481475,-0.22637988817876287,-0.15809682408137163,LONG
SL,238.0,0.3704366037028108,-1.1567064537190923,-1.0,-0.36498900658953903,0.02451418700974362,-1.0,-1.0,-1.0,LONG
SL,118.0,0.5016034347226502,-1.3526756360542793,-1.0,0.09370613615696953,-1.0,-1.0,-1.0,-1.0,LONG
SL,58.0,0.46054729943486145,-1.6162370374268817,-1.0,-1.0,-1.0,-1.0,-1.0,-1.0,LONG
SL,459.0,1.599336115423528,-1.0591729966101915,-1.0,0.24401774458280617,0.7441408000435481,0.680681076994139,-1.0,-1.0,LONG
SL,159.0,0.7559752188610849,-1.4832878701823986,-1.0,0.3869446617867286,-0.25975451832903185,-1.0,-1.0,-1.0,LONG
SL,79.0,0.15214932932736389,-1.0469936899476389,-1.0,-0.5131816362058621,-1.0,-1.0,-1.0,-1.0,LONG
SL,594.0,0.18473063367994358,-1.0923481567949012,-1.0,-0.0673497101958073,-0.27581309889712463,-0.11738092348412171,-0.3053186862210057,-1.0,LONG
SL,399.0,0.4319376467413302,-1.0133921712007947,-1.0,-0.03672344365007856,0.2763001950815027,-0.2614359440802767,-1.0,-1.0,LONG
SL,420.0,0.6702517177882585,-1.0556939237684946,-1.0,0.11961999495937765,0.2952525272409962,0.19936665826562222,-1.0,-1.0,LONG
SL,324.0,0.5870543564311608,-1.057692848959843,-1.0,0.1412910484969963,0.42287813810718555,0.01890514029185608,-1.0,-1.0,LONG
SL,267.0,0.11747374771648,-1.0724543002736429,-1.0,-0.2946970740128813,-0.4972380183516256,-0.6562326596575335,-1.0,-1.0,LONG
SL,249.0,0.4490719415799717,-1.265283530548586,-1.0,0.04978164710355355,-0.0653384118233993,-0.8099888830806996,-1.0,-1.0,LONG
SL,103.0,0.1530108820094691,-1.0385463015131187,-1.0,-0.40602100186766643,-1.0,-1.0,-1.0,-1.0,LONG
SL,49.0,0.05559497405738688,-1.111899481147537,-1.0,-1.0,-1.0,-1.0,-1.0,-1.0,LONG
SL,436.0,0.3481877296376615,-3.2195330853363266,-1.0,-0.1580483473240128,-0.005615931123201329,0.0473342766097225,-1.0,-1.0,LONG
SL,316.0,0.37909044246816703,-3.469802702864933,-1.0,0.03548563502556522,0.05452670747830609,0.04933368771847303,-1.0,-1.0,LONG
SL,256.0,0.20926253197673134,-3.3562182331592054,-1.0,-0.09140202546108638,-0.3920665828989041,-0.3062769625099852,-1.0,-1.0,LONG
SL,91.0,0.24445141880400603,-3.854952751629831,-1.0,-0.02582882915664629,-1.0,-1.0,-1.0,-1.0,LONG
SL,406.0,1.099628294043967,-1.0697064357026373,-1.0,0.18380570123961712,0.3184540637756126,0.3173854259777088,-1.0,-1.0,LONG
SL,46.0,0.033080378579241336,-1.1371380136613778,-1.0,-1.0,-1.0,-1.0,-1.0,-1.0,LONG
TIMEOUT,720.0,0.18173801735090866,-0.733041229778767,-0.5344409221581915,-0.10866809284899089,-0.1133520623683398,-0.018267481125471455,-0.1850167960144529,-0.5344409221581915,SHORT
TIMEOUT,720.0,0.4365551436376164,-0.7068035658894766,-0.5383085981696991,0.09190634602897514,0.038841372428912634,0.1203535483712749,-0.2139010791507659,-0.5383085981696991,SHORT
TIMEOUT,720.0,0.34357178214363776,-0.8755538964305453,-0.734391975753531,0.2969066843991743,-0.008749705827079441,-0.07524747011294952,-0.2951567432337451,-0.734391975753531,SHORT
SL,556.0,0.22147115004363385,-1.0061724452461083,-1.0,0.08278634043164813,-0.03608635352148476,-0.05236059138411672,-0.5016710715045658,-1.0,SHORT
SL,206.0,0.23842218366533846,-1.2361671913952867,-1.0,-0.2850700022085539,0.028507000220849493,-1.0,-1.0,-1.0,SHORT
SL,131.0,0.1574193464759399,-1.4613446561410188,-1.0,-0.048363775122122865,-0.35182275628055054,-1.0,-1.0,-1.0,SHORT
SL,41.0,0.08491940975160715,-1.5557671350647506,-1.0,-1.0,-1.0,-1.0,-1.0,-1.0,SHORT
TP,251.0,2.5454175215988686,-0.3954315106883838,1.9999999999999685,0.2018636383234053,0.700992223493004,0.6318608405055274,1.9999999999999685,1.9999999999999685,SHORT
TIMEOUT,720.0,1.8598539013635704,-0.4563466577845459,0.725191365542799,0.15372402520536668,0.255747145072606,0.28676768827548554,0.09788704744019287,0.725191365542799,SHORT
SL,65.0,0.7241739494101839,-1.065746081355799,-1.0,-0.6564749683038638,-1.0,-1.0,-1.0,-1.0,SHORT
TIMEOUT,720.0,0.22210511000886096,-0.8421346674848612,-0.44454321118714263,-0.23942065081914618,0.06526626920800162,0.020978443673996195,-0.34531184269743465,-0.44454321118714263,SHORT
TIMEOUT,720.0,0.3663878360337096,-0.8727397025522498,-0.464866682967636,0.16090047825818388,0.08994918302626231,-0.6889642165416912,-0.7750362796099284,-0.464866682967636,SHORT
TIMEOUT,720.0,0.19944403275993894,-0.9578394949107544,-0.50559697476722,0.0705041007527231,0.11496614627245619,-0.04827307799284935,-0.13719716903230106,-0.50559697476722,LONG
SL,510.0,0.07798838179491274,-1.0157986728786923,-1.0,-0.008448741361107542,-0.14947773177357415,-0.14167889359409025,-0.3282011067202424,-1.0,LONG
SL,405.0,0.37522919173119634,-1.0157636049287282,-1.0,-0.009917952204358654,0.03801881678334038,0.16034022730362596,-1.0,-1.0,LONG
SL,360.0,0.3390473682619928,-1.0803972108050073,-1.0,-0.19904273360655467,0.11807619790217558,-0.17036708554458269,-1.0,-1.0,LONG
SL,327.0,0.11341605334967687,-1.0016905831843428,-1.0,-0.1932609549078593,0.023590539096731967,-0.36746801285294894,-1.0,-1.0,LONG
SL,270.0,0.1691583718507807,-1.3780891271974547,-1.0,0.07814381308323619,-0.2353507782271995,-0.4054284890554293,-1.0,-1.0,LONG
TIMEOUT,720.0,1.8835091114715559,-0.5578518464653249,0.20214538137856197,-0.2047481116109214,0.14315016277880263,-0.12146074417597168,1.299629962682814,0.20214538137856197,LONG
SL,132.0,0.6187388347306001,-1.0056900564506601,-1.0,0.3266098183330317,-0.6896160387090284,-1.0,-1.0,-1.0,LONG
TIMEOUT,720.0,1.8378650087071398,-0.46581077503535434,0.6000690652037048,-0.34792544708264267,0.04502564609304415,1.0421390450263641,0.09332588462921608,0.6000690652037048,LONG
TP,115.0,2.060030803272861,-0.10314750361214514,2.0,0.47876011110546013,2.0,2.0,2.0,2.0,LONG
TIMEOUT,720.0,0.5325128619604731,-0.8969328846338096,0.2094594364554671,-0.17268912786142043,-0.16415316336636243,-0.16677961398023677,-0.12016011558418745,0.2094594364554671,LONG
TP,718.0,2.4469703533881937,-0.91859612816661,1.9999999999999822,-0.281315153022805,-0.1555877103310433,-0.2498832923498601,0.1783758093189203,1.9999999999999822,LONG
TP,613.0,2.980916798683109,-0.8267976805175307,2.0000000000000204,0.3840608580468492,-0.02222574409993373,0.010668357167978702,0.6498807574820574,2.0000000000000204,LONG
SL,111.0,0.30999192808485665,-1.2941687549800245,-1.0,-0.024723282607993904,-1.0,-1.0,-1.0,-1.0,LONG
TP,435.0,2.03489713955247,-0.9689644339062092,2.0,-0.04956156111158909,-0.4589831529029481,0.14078356489667931,2.0,2.0,LONG
TP,389.0,2.018386626498206,-0.9085743370769349,2.000000000000017,-0.4693049261761063,0.17420598859658296,-0.1561846794314027,2.000000000000017,2.000000000000017,LONG
TP,296.0,2.0713889642060574,-0.5918254183445879,2.0,0.46162382630877136,0.9863756972409797,1.3225325348607049,2.0,2.0,LONG
TP,286.0,2.2525085411940653,-0.5053837651347505,2.0,0.3564575805930045,0.008963149995576175,1.218988399397341,2.0,2.0,LONG
TP,332.0,2.091538937620852,-0.7794590619118132,2.0,-0.1798311134756071,-0.2674558280035323,1.4008500113418898,2.0,2.0,LONG
SL,525.0,1.243018377620092,-1.4168080664817384,-1.0,-0.14817244829242335,0.13390830297546452,0.4625658552782948,0.19649587936617463,-1.0,LONG
SL,450.0,1.3292258605200584,-1.6666144669520113,-1.0,0.10885618788669994,0.38165241777142644,0.9403600809007251,-1.0,-1.0,LONG
TIMEOUT,720.0,0.6983135603760835,-0.9721203971192897,-0.341374156921442,0.1701564450561764,-0.10117410246584026,0.5454911398682418,-0.14539355284426497,-0.341374156921442,LONG
TIMEOUT,720.0,1.0862418553833515,-0.898755838548599,0.294260564538832,0.4838484425488505,0.9046410498393799,0.37244980025915553,-0.361520122147704,0.294260564538832,LONG
SL,284.0,1.0758116907646729,-1.2259249499411264,-1.0,0.08726095960258318,0.20869404324533392,0.3966407254662695,-1.0,-1.0,LONG
SL,305.0,1.880918843787535,-1.5203994341232385,-1.0,1.633995931364054,0.7048961591943721,0.4113388952720417,-1.0,-1.0,LONG
SL,77.0,0.044321058711168336,-1.18036658659529,-1.0,-0.49975814477771663,-1.0,-1.0,-1.0,-1.0,LONG
SL,345.0,0.771086383618533,-1.0663456442173946,-1.0,-0.23317424753554042,-0.014217941922896441,-0.47487926022481225,-1.0,-1.0,LONG
SL,35.0,0.4656462716272212,-1.0201198474228337,-1.0,-1.0,-1.0,-1.0,-1.0,-1.0,LONG
SL,400.0,0.15094663109952752,-1.0608096961566265,-1.0,-0.13804818918106537,-0.061354750747138406,-0.3454690794910309,-1.0,-1.0,LONG
TP,427.0,2.015654743827977,-0.07030724891269868,2.0,0.2763615707260737,0.15143099765812307,0.5121612670794475,2.0,2.0,LONG
TP,101.0,2.058958470149181,-0.3988404184492031,2.0,1.532812899685749,2.0,2.0,2.0,2.0,LONG
SL,592.0,0.8199629244112356,-1.6333835914468258,-1.0,-0.47758478842036134,-0.26997715436729636,-0.09202775375039478,0.23508511503068008,-1.0,LONG
SL,472.0,1.2448729361823054,-1.5141539613848491,-1.0,-0.22660807585351028,0.21925067079334903,0.07357405060179079,-1.0,-1.0,LONG
SL,397.0,1.5559369419374565,-1.715893076155326,-1.0,0.09830031521025744,-0.20997877982782864,0.8992443036393696,-1.0,-1.0,LONG
SL,247.0,1.6541560906684643,-2.325582151423096,-1.0,-0.029715378874288798,0.9898051201219888,-0.401865123823634,-1.0,-1.0,LONG
SL,130.0,0.07797145625311185,-1.0056090100758455,-1.0,-0.5319881072355198,-0.658524641954852,-1.0,-1.0,-1.0,LONG
SL,1.0,-0.896891436387547,-1.070330045278357,-1.0,-1.0,-1.0,-1.0,-1.0,-1.0,LONG
TIMEOUT,720.0,1.2464707202122833,-0.15039972703661772,0.9968599451655369,0.40581540382864395,0.44908830774796155,0.16412040388909305,0.4195360806811193,0.9968599451655369,LONG
TIMEOUT,720.0,0.9299825157164593,-0.3711470869999796,0.43036143706264884,0.08829282553988527,0.07454663713246704,-0.08036233222791507,0.16442556133473193,0.43036143706264884,LONG
TIMEOUT,720.0,0.7911614486169997,-0.6248736968712987,0.502890986248201,-0.13751824452323844,-0.15995846015673146,-0.3567418895582003,0.0563882341559763,0.502890986248201,LONG
TIMEOUT,720.0,1.1179517524735385,-0.6185277855694922,0.8147783958705435,-0.34107002617836557,-0.23685418484608892,0.21316876636148618,0.4892730732677792,0.8147783958705435,LONG
TP,421.0,2.5164137262534703,-0.8752295180619699,2.0,-0.11030572253550353,0.5319416152178459,-0.1639122418985419,2.0,2.0,LONG
SL,141.0,0.7212026111304305,-1.0513668966265173,-1.0,0.14341511151233732,0.2373055802003109,-1.0,-1.0,-1.0,LONG
TP,122.0,2.147005875344488,-0.3015457690090594,2.0000000000000364,-0.20022639062199787,1.046162787948781,2.0000000000000364,2.0000000000000364,2.0000000000000364,LONG
TIMEOUT,720.0,0.5123578920616947,-0.684880662496031,-0.10478732029736147,-0.10883986859616405,-0.028367838091539112,0.20667996323845794,-0.16731235119302235,-0.10478732029736147,LONG
TIMEOUT,720.0,0.5552529560914834,-0.8800759354049899,-0.675326407846268,-0.3983939959956242,0.17143435019326317,0.296366265313828,0.002776264780454892,-0.675326407846268,LONG
SL,302.0,0.30284230945325025,-1.0086731947134184,-1.0,-0.08091818321372209,0.004005850654121932,-0.35491836795716325,-1.0,-1.0,LONG
SL,214.0,0.4995690648520587,-1.012147740768021,-1.0,0.07458843676608065,0.07372112936184408,-1.0,-1.0,-1.0,LONG
SL,254.0,0.37078918039442227,-1.0295478267099134,-1.0,-0.2894890937095691,-0.8509915615609709,-0.5873361402559072,-1.0,-1.0,LONG
TP,474.0,2.067955254234582,-0.5992288000182192,2.0,-0.3688119216556901,0.15723415913416955,-0.2854850631283944,2.0,2.0,LONG
TP,381.0,2.299039331764259,-0.7551195695598402,2.0,0.10238909417760388,-0.6217443021442743,0.2775283342182381,2.0,2.0,LONG
TP,336.0,2.1848415555260416,-0.8669365137145909,2.0,-0.7329921299962504,-0.17029110090823524,0.33519750297349704,2.0,2.0,LONG
TP,230.0,2.006993264172984,-0.2073824141833225,2.0,-0.0027559124808392054,0.5663400148129893,2.0,2.0,2.0,LONG
SL,57.0,0.7613222745404377,-1.2164687277563446,-1.0,-1.0,-1.0,-1.0,-1.0,-1.0,LONG
SL,104.0,0.09297293899021723,-1.0621719728033834,-1.0,-0.24880494050527274,-1.0,-1.0,-1.0,-1.0,LONG
TIMEOUT,720.0,1.433196982166144,-0.20539886214437375,0.33589836292511754,0.43055645151960853,0.32670825723631924,0.13693257476290888,0.2839742657834729,0.33589836292511754,LONG
SL,712.0,1.1324746385939386,-1.0779247057635564,-1.0,0.15778906190600042,0.058156539959638515,0.13254281200104281,0.12127216472204279,-1.0,LONG
SL,592.0,1.3565850956244496,-1.07980198270766,-1.0,0.9481188140847703,0.2544218201317578,0.21069306979660557,0.225103680702527,-1.0,LONG
SL,48.0,0.5661471728362609,-1.1844061944680053,-1.0,-1.0,-1.0,-1.0,-1.0,-1.0,LONG
SL,487.0,0.8091912155175491,-1.0834061359839013,-1.0,0.060145263940668506,0.47364395353276223,-0.040360637644395736,-0.5393289128364,-1.0,LONG
SL,324.0,0.5698136664557211,-1.0502284145672205,-1.0,0.10527349262964956,0.1533149674408033,0.30955419856575145,-1.0,-1.0,LONG
SL,152.0,0.230060168365674,-1.0436180734888585,-1.0,0.012622770299725639,-0.7708033605596639,-1.0,-1.0,-1.0,LONG
SL,174.0,0.211662356527887,-1.195593875051197,-1.0,-0.63590534444927,-0.7809927732189381,-1.0,-1.0,-1.0,LONG
SL,135.0,0.40161791881580544,-1.674322652852033,-1.0,-0.17012634821886763,-0.3407516006847223,-1.0,-1.0,-1.0,LONG
SL,165.0,0.6181711629469663,-1.0491585766215321,-1.0,-0.2628178150054667,-0.16267662182814396,-1.0,-1.0,-1.0,LONG
TIMEOUT,720.0,0.9484961413466251,-0.6913053400598891,0.33451614023567194,-0.22231034947822667,-0.15969363478586135,0.14330402489996727,0.3836849698934306,0.33451614023567194,LONG
SL,284.0,0.17964790349098708,-1.107649448869526,-1.0,-0.12944689253542074,-0.10613928030604892,-0.3937193573514881,-1.0,-1.0,LONG
SL,184.0,0.3341795870944926,-1.0104639688825292,-1.0,0.30776222843090084,-0.007484918288001976,-1.0,-1.0,-1.0,LONG
SL,110.0,0.061007196422885525,-1.0353280098823983,-1.0,-0.36963183715037967,-1.0,-1.0,-1.0,-1.0,LONG
TIMEOUT,720.0,0.9706004183276988,-0.23285765672097677,0.6688579559641998,0.22259246999777518,0.35901139881923577,0.5980821948726753,0.293908504074743,0.6688579559641998,LONG
TP,177.0,2.0165692975647813,-0.24090838158342673,1.9999999999999765,0.7621842762165671,1.625612376589932,1.9999999999999765,1.9999999999999765,1.9999999999999765,SHORT
SL,93.0,0.3817591030018169,-1.0068114048429402,-1.0,-0.5452583909677743,-1.0,-1.0,-1.0,-1.0,SHORT
TIMEOUT,720.0,1.7192189846613777,-0.4120304749212774,-0.36962168739154155,0.8099246873326177,0.7458957336112522,0.595386115123349,0.33344948626322246,-0.36962168739154155,SHORT
SL,435.0,0.9738924570034764,-1.0699656318160047,-1.0,0.036411294563640596,-0.3202439160416943,-0.4373742250596841,-1.0,-1.0,SHORT
SL,180.0,0.2293959632336474,-1.0594731664002728,-1.0,-0.30750924381753975,-0.3604087439597688,-1.0,-1.0,-1.0,SHORT
SL,88.0,0.12841326780962636,-1.0308873889897316,-1.0,-0.3944487230327957,-1.0,-1.0,-1.0,-1.0,SHORT
SL,291.0,0.30498239296417456,-1.060427285881168,-1.0,0.1498620379220537,-0.029797130347067196,-0.32557746835111423,-1.0,-1.0,SHORT
SL,101.0,0.30820915328148335,-1.0016797481648068,-1.0,-0.5387446288206579,-1.0,-1.0,-1.0,-1.0,SHORT
SL,125.0,0.9005631802330398,-1.0551374574372605,-1.0,-0.08736806972411995,-0.6274615916549423,-1.0,-1.0,-1.0,SHORT
SL,100.0,0.43374554292659573,-1.0406695888644515,-1.0,-0.34049557976672384,-1.0,-1.0,-1.0,-1.0,SHORT
TP,160.0,2.4833847914932234,-0.5220463829563352,2.0,-0.4076020895004762,0.40985714947004803,2.0,2.0,2.0,SHORT
TP,86.0,2.2318623353760003,-0.5596205125663198,2.0,0.15683632199310815,2.0,2.0,2.0,2.0,SHORT
SL,151.0,0.04208756611113199,-1.0012164338213765,-1.0,-0.6285076539261768,-0.6420692030064273,-1.0,-1.0,-1.0,SHORT
TP,238.0,2.297525706449174,-0.26815084499269043,2.0,0.042857802439422825,0.11930685543950639,2.0,2.0,2.0,SHORT
TP,193.0,2.197854603945739,-0.2403081250922411,2.0,0.10465974304503393,0.367770828912443,2.0,2.0,2.0,SHORT
SL,206.0,0.5774920342417165,-1.0123421511528068,-1.0,-0.09901841834122942,-0.011771420362246699,-1.0,-1.0,-1.0,SHORT
SL,168.0,0.1614416367379246,-1.00600821570571,-1.0,-0.4256188604908563,-0.4409624871229738,-1.0,-1.0,-1.0,SHORT
SL,211.0,0.6989538000016535,-1.1787799469785878,-1.0,0.004227543145183437,0.1416226953632366,-1.0,-1.0,-1.0,LONG
SL,87.0,0.3455674525725993,-1.5117169016449237,-1.0,-0.3269946090304154,-1.0,-1.0,-1.0,-1.0,LONG
TP,135.0,2.0634951910210013,-0.4117928924750544,2.000000000000023,-0.08507701568249873,0.6413498105295742,2.000000000000023,2.000000000000023,2.000000000000023,LONG
TP,72.0,2.072802833282806,-0.21394323568037818,1.9999999999999762,0.6871169613092131,1.9999999999999762,1.9999999999999762,1.9999999999999762,1.9999999999999762,LONG
SL,125.0,0.29654300331845446,-1.0008326361998074,-1.0,-0.040816312254507756,-0.29404404542532364,-1.0,-1.0,-1.0,LONG
SL,50.0,0.21179514124300367,-1.016281823988187,-1.0,-1.0,-1.0,-1.0,-1.0,-1.0,LONG
SL,434.0,1.1029787728021527,-1.2292667211029715,-1.0,0.2780255591869604,0.1719052680292408,0.120525760545632,-1.0,-1.0,SHORT
TP,526.0,2.1358049444196174,-0.11582071275576514,2.0,0.028844238808912168,0.3192835357386134,0.7235466365834599,1.2906687473186063,2.0,LONG
TP,264.0,2.0258232991207943,-0.14062382056846967,2.0,0.4942840793267779,0.6094522698099136,1.6041989794550542,2.0,2.0,LONG
TP,406.0,2.0155180882992565,-0.26356775000835964,2.0000000000000115,0.448840374278947,0.37080364829607887,1.6328280512773095,2.0000000000000115,2.0000000000000115,LONG
SL,49.0,0.18022286329546314,-1.0215538086553642,-1.0,-1.0,-1.0,-1.0,-1.0,-1.0,LONG
TIMEOUT,720.0,0.3306861903485393,-0.5950592457176183,0.10289969220951878,-0.03482758813245337,-0.2837217154426624,-0.19401429146513338,-0.14687391964948476,0.10289969220951878,LONG
TIMEOUT,720.0,0.08665084342043333,-0.9788710933126619,-0.7417960053562745,-0.6913846501887808,-0.5363039350951952,-0.15872490944304915,-0.778440404092496,-0.7417960053562745,LONG
TIMEOUT,720.0,0.2880300040360127,-0.6469689203000255,-0.4204598879998675,-0.06172071515057675,0.13722372591729307,-0.4172639933642329,-0.3553435347989341,-0.4204598879998675,LONG
TIMEOUT,720.0,0.18581059212889728,-0.9151759670550992,0.05903602357513511,0.037632524988128524,-0.38526297456599023,-0.297061744125059,0.013876993589376605,0.05903602357513511,LONG
TP,569.0,2.0154255484545835,-0.6769238094217082,2.0,-0.33135733072448004,-0.44446214858755495,0.33931445358922463,0.3154430849950038,2.0,LONG
TIMEOUT,720.0,1.147359019246029,-0.32135974452098237,1.0263667998251682,-0.18162613348141912,0.0022048696022003026,0.15985304615965978,0.7080387510072176,1.0263667998251682,LONG
TIMEOUT,720.0,1.2960649964795943,-0.18176325822506614,0.0801425300815978,-0.15130909679406482,0.07982195996126441,0.13880686210132506,0.9001608978765041,0.0801425300815978,LONG
TIMEOUT,720.0,1.4844956603433692,-0.21949595783919723,0.39187694006041834,0.20491275110029541,0.35597981578007337,-0.05870675533348472,1.263130060614581,0.39187694006041834,LONG
TIMEOUT,720.0,0.7393483682950494,-0.8116663399056342,0.480061982276671,-0.04586017711889675,-0.011465044279734214,-0.4506644328414798,-0.0667324372178836,0.480061982276671,LONG
TP,345.0,2.033929060148003,-0.13874654013381896,2.0,0.6933926356197553,0.5594070061767984,0.31149958520239807,2.0,2.0,SHORT
TIMEOUT,720.0,1.843785497797317,-0.45788715325758783,0.6363180078831342,-0.2569745801066546,-0.17871543334106385,0.8821940180848412,1.2327949955946924,0.6363180078831342,SHORT
TP,87.0,2.221288652532167,-0.2766707081838467,2.0,0.8819869196742747,2.0,2.0,2.0,2.0,SHORT
TP,93.0,2.1292754695414255,-0.5510991654045856,2.0,1.57817630413684,2.0,2.0,2.0,2.0,SHORT
SL,515.0,0.5285695003319263,-1.033680500852711,-1.0,-0.3172277864370006,-0.28924975913929696,0.15689216846171547,-0.6376838067929588,-1.0,SHORT
TIMEOUT,720.0,0.8595649040326199,-0.8307843232753882,-0.21098205263758457,0.6048454333938965,0.7516943808795635,0.3582842376154909,-0.13597124767191351,-0.21098205263758457,SHORT
SL,298.0,0.5189485305316144,-1.0477327281581224,-1.0,0.30607659269170534,0.25736662231689916,-0.3686033335093584,-1.0,-1.0,SHORT
SL,537.0,0.3787440028647151,-1.054950608520365,-1.0,-0.05737510593441397,0.22881738676227784,-0.12465424801228371,-0.44909681133191814,-1.0,SHORT
SL,476.0,0.41120408964433547,-1.099970939798574,-1.0,0.24405724209446972,0.24101128587486756,-0.21816661422796388,-1.0,-1.0,SHORT
SL,266.0,0.3098441174862629,-1.1323732461885658,-1.0,-0.34892355572778117,-0.4908191350570873,-0.730878541397794,-1.0,-1.0,SHORT
SL,313.0,0.20399238992088972,-1.055133051314952,-1.0,-0.029760162985791573,-0.22455395707472547,-0.22455395707472547,-1.0,-1.0,LONG
TP,303.0,2.2248259082441186,-0.6302153150449178,2.0000000000000377,0.16584613553813823,0.04477845659529431,0.8516199059883384,2.0000000000000377,2.0000000000000377,LONG
TP,273.0,2.183473846029114,-0.5502354091993238,2.000000000000036,-0.21199546068716002,-0.09766083020421273,0.33823994851216377,2.000000000000036,2.000000000000036,LONG
TP,243.0,2.355592122312797,-0.41905846856059215,2.0,0.23692921107080903,0.008864698373407713,1.1250108117511706,2.0,2.0,LONG
TP,199.0,2.452202436777885,-0.644522927588427,1.9999999999999658,-0.2186101157902289,-0.10176677804030321,1.9999999999999658,1.9999999999999658,1.9999999999999658,LONG
SL,1.0,-0.9354354654022229,-1.016538035214011,-1.0,-1.0,-1.0,-1.0,-1.0,-1.0,LONG
TP,299.0,2.0445799654292904,-0.4860913965308075,1.9999999999999765,0.04184208620509391,-0.41790429308547977,0.22574063792131868,1.9999999999999765,1.9999999999999765,LONG
TP,98.0,2.0077161342816265,-0.2248586377853557,2.0000000000000315,0.36269767890455257,2.0000000000000315,2.0000000000000315,2.0000000000000315,2.0000000000000315,LONG
TIMEOUT,720.0,0.9824601101813604,-0.6071004789035694,0.36325125607527753,0.0713048761925496,-0.22366859749079518,0.4490189137597075,-0.0928308765525614,0.36325125607527753,LONG
TIMEOUT,720.0,0.9215422458554204,-0.5567651068709693,0.5886546337402752,-0.24535411489229508,0.04165162693132471,-0.28960896850681,-0.26650533169334323,0.5886546337402752,LONG
TIMEOUT,720.0,1.262563321387658,-0.31407911101038827,0.9134322874910188,0.25161033754976614,0.7648954261512878,0.08155645424028166,0.09405020893239661,0.9134322874910188,LONG
TIMEOUT,720.0,0.9578119494611588,-0.5790925362098147,0.2366108154084423,0.6711078533130987,-0.3112178292759463,-0.2966516979970541,-0.07815972881358947,0.2366108154084423,LONG
TIMEOUT,720.0,0.6230810857563146,-0.6745210512470752,-0.5236820546952605,-0.21388196177731933,-0.4641199893901879,-0.11486969737408134,0.15548019644571223,-0.5236820546952605,LONG
TIMEOUT,720.0,0.896778790062918,-0.9241982854425517,-0.7951653660090444,-0.23669476158584907,-0.3580663514280076,0.5362930713955526,0.41734084879277034,-0.7951653660090444,LONG
TIMEOUT,720.0,1.1147673988604636,-0.9680996153116163,-0.16650021968913856,0.1093090084939685,0.6014301564394139,0.8066728095188074,0.1771082669269302,-0.16650021968913856,LONG
SL,556.0,0.6973281554800059,-1.0242296679427432,-1.0,0.18197208838224677,0.3894110084719181,0.09816306039959223,-0.39635650802847505,-1.0,LONG
SL,146.0,0.06443520069591044,-1.085147357174748,-1.0,-0.33828480365368796,-0.6912139711018602,-1.0,-1.0,-1.0,LONG
SL,456.0,1.6425859870853887,-1.9531570143633439,-1.0,-0.20782222933120223,-0.12088093876087944,1.1785891529186114,-1.0,-1.0,LONG
TP,147.0,2.077534632100932,-0.2247658129631844,2.0000000000000258,0.7841453925934121,1.0928463086431168,2.0000000000000258,2.0000000000000258,2.0000000000000258,LONG
SL,321.0,1.520420383702112,-2.3887987810426075,-1.0,0.22341283563708317,0.42610185620374286,1.251010787786814,-1.0,-1.0,LONG
TIMEOUT,720.0,0.356334219888926,-0.6029912404669121,0.2709260178723301,-0.08167451012516322,-0.4291412117719261,-0.15074781011672006,-0.21748755267614214,0.2709260178723301,LONG
TIMEOUT,720.0,0.9377737094599827,-0.954271580274548,0.871782226201682,0.06396542894773426,0.11953720432314259,-0.3403771241743563,0.18379206960095026,0.871782226201682,LONG
SL,131.0,0.31078475679299444,-1.2028845252865004,-1.0,0.060256738847231,-0.46330181362625306,-1.0,-1.0,-1.0,LONG
SL,291.0,0.2620693050125144,-1.004907900832975,-1.0,0.01260305002889547,-0.2683708300269453,-0.18830439454929607,-1.0,-1.0,LONG
TP,471.0,2.0152750504664856,-0.5533258533908313,2.0000000000000173,0.21071755917871415,0.4737299870587023,-0.09920644209508493,2.0000000000000173,2.0000000000000173,LONG
TP,671.0,2.039995038577888,-0.8241996761563641,2.0,0.040336036353501734,0.06050405453024496,-0.3774780735414352,1.0971401888150087,2.0,LONG
TP,626.0,2.111493424290681,-0.914412305339472,2.0,-0.12393393963629351,-0.38884717450357487,-0.049005397334685646,0.4943153122456512,2.0,LONG
TP,541.0,2.2058424725493997,-0.7820750476711996,2.0,-0.23490168438466272,-0.25205070378796923,1.0468878124104464,1.2590570757256367,2.0,LONG
TP,262.0,2.288046256491937,-0.047053805390097236,1.99999999999998,0.3755509327395955,0.49340532381009417,0.9190883482737252,1.99999999999998,1.99999999999998,LONG
TP,217.0,2.1531206641193528,-0.3158423872232312,2.0000000000000218,0.5421319024593808,0.7794951599305142,2.0000000000000218,2.0000000000000218,2.0000000000000218,LONG
TP,238.0,2.72901613475424,-0.4725118151430766,2.000000000000014,0.1833863490969463,0.33268366944609734,2.000000000000014,2.000000000000014,2.000000000000014,LONG
TP,178.0,2.5373394757009917,-0.06902171271560906,2.0,0.13361083837606308,0.5512238616415519,2.0,2.0,2.0,LONG
SL,318.0,0.544337353773422,-1.0377654586327887,-1.0,0.09505433188849442,0.22535352840979264,-0.46209933629686356,-1.0,-1.0,LONG
SL,273.0,0.5393606463368231,-1.1509910548767681,-1.0,0.2856557442869859,0.11981565838933823,-0.31266181332079507,-1.0,-1.0,LONG
SL,211.0,0.41894326902606527,-1.0379963118047686,-1.0,-0.011312248418765457,-0.6810753703161037,-1.0,-1.0,-1.0,LONG
SL,49.0,0.3051868117567604,-1.1457607912981276,-1.0,-1.0,-1.0,-1.0,-1.0,-1.0,LONG
TP,164.0,2.4042140221779897,-0.5023400501302808,2.0,-0.10211191704976899,1.455806123882927,2.0,2.0,2.0,LONG
TP,104.0,2.4458767541633186,-0.13834144537122867,1.9999999999999851,1.4693489044840575,1.9999999999999851,1.9999999999999851,1.9999999999999851,1.9999999999999851,LONG
TP,34.0,2.136103443729302,-0.23853155121644842,2.0,2.0,2.0,2.0,2.0,2.0,LONG
TIMEOUT,720.0,1.4640179013866723,-0.34936555216492354,0.4862090325381363,0.2351219799139647,0.10118124003352369,0.5604362537102673,0.6916815917045671,0.4862090325381363,LONG
TIMEOUT,720.0,1.641158593936928,-0.7595059089184637,0.4424732653330509,-0.0279976880049446,0.6829239976108208,0.6003033692824964,-0.1729268965011365,0.4424732653330509,LONG
SL,414.0,1.4800241963758525,-1.0201331503306221,-1.0,0.4054059622768327,0.6729061758064829,0.8643735323259961,-1.0,-1.0,LONG
SL,129.0,0.2246720129313774,-1.0172898115398867,-1.0,-0.41242083648658007,-0.5491485256310771,-1.0,-1.0,-1.0,LONG
TIMEOUT,720.0,0.5862610816684857,-0.9571285255114268,0.04630168821539655,0.1128036227600567,-0.042443214197445116,0.018384493850230072,-0.037676863939976914,0.04630168821539655,LONG
TIMEOUT,720.0,0.6196699254601841,-0.3054710900155772,0.5105731075974757,0.05604131275473988,0.09899100736595098,-0.045246469724108146,-0.19798201473190197,0.5105731075974757,LONG
TP,715.0,2.1210453518700203,-0.4575046939815442,2.0,0.00049620899565243,0.0339903162014581,0.14737407170555622,0.3887797480851945,2.0,LONG
TP,438.0,2.133597599353257,-0.825142537213571,2.0000000000000155,-0.6027636973971445,-0.21033045066228895,0.3566323189625687,2.0000000000000155,2.0000000000000155,LONG
TP,380.0,2.3163610952977973,-0.17128022183539965,2.0,0.2348306216036895,0.377903981509849,0.9559747302043189,2.0,2.0,LONG
TP,305.0,2.168665339775471,-0.451653513826269,2.0000000000000164,0.04480111467792863,0.7528772686120118,0.6253944219675013,2.0000000000000164,2.0000000000000164,LONG
TP,260.0,2.0842882885190384,-0.2082467949402355,2.0000000000000164,0.6771661513791079,0.6269247917606537,0.9622312570403116,2.0000000000000164,2.0000000000000164,LONG
TP,229.0,2.0486846503291467,-0.41618350832692574,2.0,0.02635512877332883,0.6977472941426455,2.0,2.0,2.0,LONG
TIMEOUT,720.0,1.7783996087388174,-0.0789519361158303,1.253760610975245,0.1768446059877229,0.43921242306786307,0.9562171454909822,1.246802790411791,1.253760610975245,LONG
TP,377.0,2.031093291580142,-0.2839369187756683,2.0,-0.09267163245271065,0.4779231338580185,1.0432360972828503,2.0,2.0,LONG
TP,298.0,2.0646705603565163,-0.06714226252050505,2.0000000000000084,0.4470019121227983,0.7773786340045088,1.5262448003633293,2.0000000000000084,2.0000000000000084,LONG
TP,529.0,2.009868403188765,-0.3852874283447351,1.999999999999997,0.17211855933825687,-0.1151670762329021,-0.13998355193184653,1.3684323650828083,1.999999999999997,LONG
TP,180.0,2.0214809341987845,-0.16626358914273898,2.0,0.0023052144075272557,0.3186958918403275,2.0,2.0,2.0,LONG
TP,105.0,2.054542810406661,-0.0764529491933343,2.0,0.2220676943871754,2.0,2.0,2.0,2.0,LONG
TP,83.0,2.0761755361104797,-0.15307808170436898,1.9999999999999951,1.2528403169999687,1.9999999999999951,1.9999999999999951,1.9999999999999951,1.9999999999999951,LONG
TP,261.0,2.093364210462609,-0.4357513662276979,2.0000000000000067,-0.03720364605775922,0.18279586724442615,1.3134058826768975,2.0000000000000067,2.0000000000000067,LONG
SL,1.0,-0.8906887249307105,-1.134014421388641,-1.0,-1.0,-1.0,-1.0,-1.0,-1.0,LONG
SL,375.0,0.8649811091226725,-1.0571533617269036,-1.0,-0.025231619446967363,0.323685632333915,0.6396472995310089,-1.0,-1.0,LONG
SL,214.0,0.5521177137267786,-1.1125588100725465,-1.0,0.15629462917894169,-0.1901661723367958,-1.0,-1.0,-1.0,SHORT
TP,223.0,2.0459048008736316,-0.17729951130645824,2.000000000000007,-0.07679409376690997,0.09637505791463542,2.000000000000007,2.000000000000007,2.000000000000007,SHORT
TP,118.0,2.0185826276552836,-0.15831654973480752,2.0000000000000084,0.24465407921327573,2.0000000000000084,2.0000000000000084,2.0000000000000084,2.0000000000000084,SHORT
TP,75.0,2.134174511005658,-0.08797123914986037,2.000000000000009,1.0866579496749345,2.000000000000009,2.000000000000009,2.000000000000009,2.000000000000009,SHORT
SL,168.0,0.18620852382102102,-1.3135293122413183,-1.0,-0.4246833028261318,-0.7007194578809893,-1.0,-1.0,-1.0,SHORT
TIMEOUT,720.0,1.7789001229931163,-0.6725963304199306,1.1641314541936203,0.10562875287926035,0.7441813792807087,0.06260777074631567,0.25894200898988856,1.1641314541936203,SHORT
TIMEOUT,720.0,1.810806290337575,-0.6496669805463142,1.127321990378819,0.6582090716089731,0.8836968726739491,-0.396095592426021,0.33992841831539183,1.127321990378819,SHORT
TIMEOUT,720.0,1.643547965668836,-0.800503171114657,1.3376202255245362,0.32533880876287896,-0.18411456701692955,-0.3619525010673785,0.017667559461220648,1.3376202255245362,SHORT
SL,94.0,0.132221635492878,-1.010240242829136,-1.0,0.051549700926336414,-1.0,-1.0,-1.0,-1.0,SHORT
TP,615.0,2.114632168138106,-0.643897335617489,2.0,-0.31550378171303134,0.07982198375423442,0.628997231983368,1.202887731478629,2.0,SHORT
TP,499.0,2.0910803154908075,-0.3346964306990949,2.0,-0.0033469643069879047,0.2936317532402437,1.412933855135874,1.1656446846078117,2.0,SHORT
SL,612.0,1.6042342555020146,-1.1136051579147705,-1.0,-0.1930847652836062,-0.4135842585634238,1.0521583537853552,-0.3985770583241173,-1.0,SHORT
SL,447.0,1.5442486542667349,-1.0276354187336219,-1.0,0.6496802810492195,0.8755587952866402,-0.2598721124196909,-1.0,-1.0,SHORT
SL,156.0,0.5504648164619287,-1.0615913389923788,-1.0,-0.08979982959531577,0.25339287263452454,-1.0,-1.0,-1.0,LONG
SL,51.0,0.12806842859604703,-1.459625161943435,-1.0,-1.0,-1.0,-1.0,-1.0,-1.0,LONG
SL,269.0,0.4182733117248376,-1.087367488735475,-1.0,-0.5846523450456532,-0.37748361323326796,-0.5864413669093245,-1.0,-1.0,LONG
SL,301.0,0.5658667182218897,-1.035080247746909,-1.0,0.07231852062073146,-0.001713709019454744,-0.8013303374941267,-1.0,-1.0,LONG
SL,87.0,0.2536131139418821,-1.0588705717686577,-1.0,-0.33958366104082927,-1.0,-1.0,-1.0,-1.0,LONG
SL,200.0,0.6963309887184354,-1.031162485421348,-1.0,0.03052003907999196,0.1404514419797971,-1.0,-1.0,-1.0,LONG
SL,120.0,0.5421175755719301,-1.0404655660342441,-1.0,0.3292098080030126,-1.0,-1.0,-1.0,-1.0,LONG
TIMEOUT,720.0,1.674021685609241,-0.1965471035565832,-0.06557188960850366,1.0226854865160815,0.6140832746626161,0.4431580919813403,0.08478833026496889,-0.06557188960850366,SHORT
TIMEOUT,720.0,1.5173659915340076,-0.8568879133609493,-0.5015975713382331,-0.03467176528050395,0.5680835388266705,-0.1558324395574127,-0.48140412562541496,-0.5015975713382331,SHORT
SL,393.0,1.3845956709694711,-1.1345599271754243,-1.0,0.06609675684773934,-0.38586761107748035,0.4178042703494754,-1.0,-1.0,SHORT
SL,198.0,1.7060508645446548,-1.1304635331100998,-1.0,0.06099541511445296,-0.5587453138283294,-1.0,-1.0,-1.0,SHORT
SL,440.0,0.18638095243023967,-1.0062477263228315,-1.0,-0.409933386946296,-0.5645527913032222,-0.5408188872484326,-1.0,-1.0,SHORT
SL,170.0,0.3558680460391007,-1.0152780728182147,-1.0,-0.3721246876854351,-0.491763409801367,-1.0,-1.0,-1.0,SHORT
SL,34.0,0.11936149453637745,-1.0389179967338777,-1.0,-1.0,-1.0,-1.0,-1.0,-1.0,SHORT
SL,201.0,0.6649281173257962,-1.032626138727419,-1.0,0.27712866846424905,0.19175406644348356,-1.0,-1.0,-1.0,SHORT
SL,96.0,0.3519712985291203,-1.288738922834426,-1.0,0.22986345645040857,-1.0,-1.0,-1.0,-1.0,SHORT
TIMEOUT,720.0,1.3868379120986962,-0.8149438479872989,1.058201366721209,-0.6277747409170532,0.18509175849010223,0.2160442523341315,0.22019894949439944,1.058201366721209,SHORT
SL,376.0,0.3845930871613894,-1.003153340667478,-1.0,0.013380475199465898,-0.23587866280175335,-0.2741085919430447,-1.0,-1.0,SHORT
SL,337.0,0.6362136001917554,-1.237868477336467,-1.0,-0.03955516493338102,0.3380925676411696,0.033309612575492704,-1.0,-1.0,SHORT
SL,195.0,0.27470074602554895,-1.0547600545741809,-1.0,-0.2806034066839544,-0.3432624198269799,-1.0,-1.0,-1.0,SHORT
SL,118.0,0.320100800642659,-1.005032644812543,-1.0,0.19150135234954735,-1.0,-1.0,-1.0,-1.0,SHORT
SL,30.0,0.037789544244743484,-1.022333136967792,-1.0,-1.0,-1.0,-1.0,-1.0,-1.0,SHORT
SL,411.0,0.8055636116105849,-1.0406786045817396,-1.0,-0.47993974966382275,0.37313234872706397,0.01664530923689604,-1.0,-1.0,SHORT
SL,318.0,0.560915186872448,-1.0089129138671482,-1.0,0.00979230004359088,0.11628356301773911,-0.5055274897508384,-1.0,-1.0,SHORT
SL,92.0,0.31380599885783994,-1.0374810574483817,-1.0,-0.6468246098906554,-1.0,-1.0,-1.0,-1.0,SHORT
SL,335.0,0.6070576002266359,-1.1087907068139564,-1.0,0.1186797608443029,0.08984452483354322,-0.12657150964725578,-1.0,-1.0,SHORT
SL,274.0,0.2919191656566912,-1.3287245592404024,-1.0,-0.2493542383465708,-0.1899539293391739,-0.5469910808061081,-1.0,-1.0,SHORT
SL,357.0,0.7504525434251785,-1.192120441881584,-1.0,-0.16846893831993762,0.3128387103294095,0.08828853452061045,-1.0,-1.0,LONG
SL,261.0,0.2553355552764182,-1.1116882241758774,-1.0,0.01433702315722443,-0.8283613379734236,-0.5297871414291598,-1.0,-1.0,LONG
SL,114.0,0.13699795011468152,-1.0251387705499893,-1.0,-0.318567151122864,-1.0,-1.0,-1.0,-1.0,LONG
SL,72.0,0.3038659329043499,-1.0998244721431047,-1.0,-0.14942995217784721,-1.0,-1.0,-1.0,-1.0,LONG
SL,33.0,0.40918793358160793,-1.2000046390860075,-1.0,-1.0,-1.0,-1.0,-1.0,-1.0,LONG
SL,165.0,0.16357047430029958,-1.0916878304483666,-1.0,-0.16335553280975573,-0.29425490054810416,-1.0,-1.0,-1.0,LONG
SL,153.0,0.08788016088779801,-1.0680819554055452,-1.0,-0.3553062504817399,-0.08625775791756322,-1.0,-1.0,-1.0,LONG
SL,63.0,0.1034216779649361,-1.0563200934096884,-1.0,-0.7673397320248074,-1.0,-1.0,-1.0,-1.0,LONG
SL,43.0,0.19083707567405342,-1.0059807246026702,-1.0,-1.0,-1.0,-1.0,-1.0,-1.0,LONG
SL,516.0,0.7748866442765661,-1.1943206994354407,-1.0,0.041608861902605286,0.3194891506893174,0.3512707939516047,0.22058969501127698,-1.0,LONG
SL,152.0,0.6007937019606341,-1.1507529305907025,-1.0,0.1226007886207527,0.26488747622735676,-1.0,-1.0,-1.0,LONG
SL,32.0,0.35667511990516876,-1.086055702183174,-1.0,-1.0,-1.0,-1.0,-1.0,-1.0,LONG
TIMEOUT,720.0,1.2705093098094926,-0.4067823383698763,1.2514766706629268,-0.1998427110389673,0.2679085900207673,0.23226271500897314,0.9484060862866373,1.2514766706629268,LONG
TIMEOUT,720.0,1.4659857631008146,-0.3835632457464971,1.0889325357454338,0.5765764937207614,-0.117532223925995,0.27746754061569734,0.5269595967939185,1.0889325357454338,LONG
TP,324.0,2.1322085924249183,-0.92566192923205,2.0,-0.6199028257960986,-0.23141548230800615,0.18026930687038029,2.0,2.0,SHORT
TP,232.0,2.017429746217553,-0.750900303752654,2.0000000000000124,0.3902058347011536,-0.3161541671913509,2.0000000000000124,2.0000000000000124,2.0000000000000124,SHORT
SL,45.0,0.29200265481013177,-1.0091724601505796,-1.0,-1.0,-1.0,-1.0,-1.0,-1.0,SHORT
TP,211.0,2.0423003116367977,-0.47816904334514804,1.9999999999999891,0.5129755249139419,0.8920061069631308,1.9999999999999891,1.9999999999999891,1.9999999999999891,SHORT
TIMEOUT,720.0,0.859808759054502,-0.5907964111392682,-0.06685385116835801,0.3521985731475263,0.22364464218209543,0.5993618339816809,-0.42464172566220726,-0.06685385116835801,SHORT
TIMEOUT,720.0,1.2351556797889875,-0.7019429632787129,-0.17077260543508954,0.29944120143447045,0.379564502972549,-0.13479567199936404,0.46801434369007816,-0.17077260543508954,SHORT
SL,327.0,0.5332786884890571,-1.024027012824515,-1.0,0.14477683144527267,-0.1119676933839288,-0.06266718963038104,-1.0,-1.0,SHORT
SL,160.0,0.47983773593111806,-1.0174109001033849,-1.0,-0.32898632738637384,-0.4016836806290494,-1.0,-1.0,-1.0,SHORT
SL,91.0,0.09099611145203582,-1.0193189413189823,-1.0,-0.328723452620485,-1.0,-1.0,-1.0,-1.0,SHORT
SL,22.0,0.607612671249974,-1.0965808929613414,-1.0,-1.0,-1.0,-1.0,-1.0,-1.0,SHORT
SL,247.0,0.5111942610765241,-1.0250522534992466,-1.0,-0.1032801290142727,0.09698403674142693,-0.022520637745195683,-1.0,-1.0,SHORT
SL,65.0,0.2896568170850187,-1.170803107996307,-1.0,-0.2880547329197269,-1.0,-1.0,-1.0,-1.0,SHORT
TIMEOUT,720.0,0.2964563160481933,-0.9409265683268783,-0.4626326241088725,-0.19999367183615738,-0.010394681488365885,-0.6186914421875358,-0.46803785848282103,-0.4626326241088725,SHORT
SL,109.0,0.14972116969679866,-1.0225490703688067,-1.0,-0.16143698044407115,-1.0,-1.0,-1.0,-1.0,SHORT
TP,332.0,2.0252567268694732,-0.25681056598215657,2.0,0.3073845137586915,0.4298785561005622,0.3431803599122037,2.0,2.0,LONG
SL,96.0,0.23369749216878513,-1.1424903433719182,-1.0,-0.3650659049264016,-1.0,-1.0,-1.0,-1.0,LONG
TIMEOUT,720.0,1.774152030327419,-0.42681497397077095,0.30317241578812715,0.10745897726867673,0.02654107269889033,0.0694815073905856,0.8424093318411888,0.30317241578812715,LONG
TP,443.0,2.006841742612886,-0.32415222982682634,2.0,-0.04016274630148929,-0.24356762273158625,-0.19459498369300512,2.0,2.0,LONG
TP,278.0,2.0263511819611497,-0.08622770987068612,2.0,0.0019855064772902027,0.44333523199962155,1.240657904521012,2.0,2.0,LONG
TP,348.0,2.0731999812870554,-0.26170180288947653,1.9999999999999871,0.4329562871205428,0.14460229628781027,1.327505786704866,1.9999999999999871,1.9999999999999871,LONG
SL,361.0,1.731449867699531,-1.055437155887755,-1.0,-0.44546167556403643,-0.4408274838806695,0.6629790477022867,-1.0,-1.0,LONG
TP,173.0,2.209748212397646,-0.21212807941924144,2.0,1.1300582617463113,1.018666804517038,2.0,2.0,2.0,LONG
TP,353.0,3.1886475734431565,-0.12334485060044283,2.0,0.7754849517948684,0.3785832048132419,0.11520327630338197,2.0,2.0,SHORT
TP,293.0,2.500824768204874,-0.5786498018467526,2.0000000000000084,-0.1253551017149959,-0.45291425976237276,-0.0671477251978681,2.0000000000000084,2.0000000000000084,SHORT
TP,98.0,3.5964244181886063,-0.3342601223664278,2.0,0.5370122515940573,2.0,2.0,2.0,2.0,SHORT
SL,272.0,0.5568160006319982,-1.0564432611175052,-1.0,-0.018168264017657195,0.08072490035117777,-0.11375810765599367,-1.0,-1.0,SHORT
SL,167.0,0.47046104313309545,-1.0722089489114008,-1.0,0.15497772507741367,0.30936317859401796,-1.0,-1.0,-1.0,SHORT
SL,77.0,0.4445804994265364,-1.0158248645009251,-1.0,-0.2896831614358237,-1.0,-1.0,-1.0,-1.0,SHORT
TIMEOUT,720.0,0.5674310427607254,-0.7266036429624714,0.1553172085013611,-0.06705627707460977,-0.5575171783882948,-0.5517340908377176,0.012530023026260061,0.1553172085013611,SHORT
SL,318.0,0.8147175554722529,-1.2104035950410956,-1.0,0.04075566207559872,0.5464424206445696,0.27104493710465366,-1.0,-1.0,SHORT
SL,237.0,0.4802671480933029,-1.1343885260638702,-1.0,0.25727122378514683,-0.051206471507788925,-1.0,-1.0,-1.0,SHORT
SL,57.0,0.2654496493392352,-1.3661808619325961,-1.0,-1.0,-1.0,-1.0,-1.0,-1.0,SHORT
TIMEOUT,720.0,1.6673562843420613,-0.5140167237518426,1.3612139709310367,0.0965235024239785,0.17066052988819064,0.21281687883842063,0.3215511857859309,1.3612139709310367,SHORT
TP,594.0,2.0198187719255203,-0.6156644248316956,2.0,-0.2860705666513741,-0.32663596458126043,0.1512751297801922,-0.23240592563996482,2.0,LONG
TIMEOUT,720.0,1.2930233578515822,-0.7610996663996937,0.10778260137994065,-0.2777333243749546,0.4623983956812107,0.26412255218703057,0.5635595403210925,0.10778260137994065,SHORT
SL,461.0,0.7007744934162909,-1.0704744230138519,-1.0,-0.43591484236130695,-0.0710430834860979,-0.1403618202856494,-1.0,-1.0,SHORT
TIMEOUT,720.0,1.994377161241968,-0.7872108035290266,1.077885922405336,0.347767115784968,0.32992586675100904,-0.5204155102827914,-0.18801931674246136,1.077885922405336,SHORT
SL,160.0,0.06494957099985063,-1.0707005874614026,-1.0,-0.5060538914924713,-0.4991443626626996,-1.0,-1.0,-1.0,SHORT
SL,86.0,0.19222586306127748,-1.0201265902805159,-1.0,-0.48638129039711747,-1.0,-1.0,-1.0,-1.0,SHORT
TP,424.0,2.00920540485335,-0.6930225411033725,2.000000000000012,-0.10719317488402595,0.263983191878533,-0.17198904925420933,2.000000000000012,2.000000000000012,SHORT
TIMEOUT,720.0,1.4951308504996172,-0.7668823613027796,0.003621925509933435,-0.3085880534461464,-0.48002586091622285,-0.27647364725809115,0.49209894594932696,0.003621925509933435,SHORT
TIMEOUT,720.0,1.812533497954385,-0.42754747946470345,0.11597344940736914,-0.14347230854520163,-0.21377373973235173,0.44237295134770505,0.6700156809060912,0.11597344940736914,SHORT
TP,214.0,2.128058799565616,-0.2339856120849446,2.0000000000000115,0.19490396351471842,0.12329629774734101,2.0000000000000115,2.0000000000000115,2.0000000000000115,SHORT
TP,154.0,2.173119433969514,-0.3029014370944706,2.0,-0.0024626133097150884,0.13817996904489352,2.0,2.0,2.0,SHORT
TP,79.0,2.3158509978549566,-0.41863710756837,2.0,0.07031540842518132,2.0,2.0,2.0,2.0,SHORT
TP,359.0,2.070692374628222,-0.7098036413446217,1.9999999999999805,-0.25430312941117506,-0.062172581723618656,0.6769903343238148,1.9999999999999805,1.9999999999999805,SHORT
SL,493.0,1.8674104086540497,-1.2558092649042067,-1.0,0.4970360880042001,0.36793008287543905,0.934586473986606,-0.3313573920027934,-1.0,SHORT
SL,207.0,0.8504557411093737,-1.016573101494579,-1.0,-0.1589515134666341,0.20780956063875416,-1.0,-1.0,-1.0,SHORT
SL,178.0,1.1482618634163844,-1.112292214682876,-1.0,0.12485618454616852,0.3157720124394955,-1.0,-1.0,-1.0,SHORT
SL,85.0,0.48915872886160777,-1.1679782181303777,-1.0,-0.24649512968743303,-1.0,-1.0,-1.0,-1.0,SHORT
SL,58.0,0.16409907974463053,-1.0855785275413743,-1.0,-1.0,-1.0,-1.0,-1.0,-1.0,SHORT
TIMEOUT,720.0,1.155906105717211,-0.5091066026897246,0.25951342023310986,-0.030554332351604124,0.13729609082669336,-0.14007375740411848,0.21626118352758553,0.25951342023310986,SHORT
SL,693.0,1.0853852247873055,-1.551522452987498,-1.0,0.015736384528651445,-0.29941661373442774,-0.526956227865011,0.31387707519319896,-1.0,SHORT
SL,655.0,1.119883977286312,-1.0628389489526768,-1.0,-0.10545824316938542,0.14148668211693552,0.8706872745657714,-0.4222082689165868,-1.0,SHORT
SL,549.0,1.1791876443056681,-1.0946063052284707,-1.0,0.3090313315552561,-0.15884788070597364,0.1093368529534687,-0.6873781019640416,-1.0,SHORT
SL,77.0,0.29174182692759476,-1.1030619551452416,-1.0,-0.7390792948831993,-1.0,-1.0,-1.0,-1.0,SHORT
SL,62.0,0.5954802381568384,-1.4884261805358339,-1.0,-0.7068926698120007,-1.0,-1.0,-1.0,-1.0,SHORT
SL,30.0,0.16482092293614548,-1.1499512419327937,-1.0,-1.0,-1.0,-1.0,-1.0,-1.0,SHORT
TIMEOUT,720.0,1.8694171699756459,-0.40586756256698325,1.330466221856811,0.16653804877069942,0.22315363267949845,0.4554981069026166,0.6065955418800042,1.330466221856811,SHORT
TIMEOUT,720.0,1.471338654843968,-0.08839688661364646,0.5740940658094882,-0.012304328539631896,0.3056654247739127,0.20431661338172183,0.6715572997681304,0.5740940658094882,LONG
TIMEOUT,720.0,1.3719449353962296,-0.25285344220568895,0.6133846087792099,-0.008256438929173078,0.23874869236835486,0.17338521751246258,0.875182526491486,0.6133846087792099,LONG
TP,603.0,2.0917862163209984,-0.9213072424236572,1.9999999999999762,-0.6067017579369532,0.0858490839531073,-0.4685056715734106,0.5878568370691899,1.9999999999999762,LONG
TP,407.0,2.0102304056378735,-0.34683245155940373,2.00000000000002,0.010920417240535931,0.05460208620267966,0.8819328963456843,2.00000000000002,2.00000000000002,LONG
TP,172.0,2.0067454580515793,-0.30001686481928846,2.0,0.6051360572716,0.5612560396279536,2.0,2.0,2.0,LONG
TIMEOUT,720.0,0.6899544705349172,-0.6246210254963391,0.1635416808927698,-0.19059055941193512,-0.33290927408198806,-0.1735289591152393,0.17186441274483086,0.1635416808927698,LONG
TIMEOUT,720.0,0.9601903138094848,-0.4223261863382677,0.22363593908689963,-0.11553794113294948,0.02625862298475853,0.2293253074002696,0.24245461889263892,0.22363593908689963,LONG
TIMEOUT,720.0,1.2006252539429463,-0.31648481693936764,0.27470305810215834,0.062432513205041944,0.2492498027185583,0.10325377183909776,0.3328133203929987,0.27470305810215834,LONG
TIMEOUT,720.0,1.325762375973596,-0.5797728490565063,-0.42320014226628666,0.14863061296750932,0.37838404140967147,0.28478079278508595,1.0256646879590343,-0.42320014226628666,LONG
TIMEOUT,720.0,1.0313647446548877,-0.9863138676315236,-0.36160837290753517,0.29433239655265125,-0.19401911038062272,0.261295086735534,0.37902804535656714,-0.36160837290753517,LONG
SL,704.0,1.1502878806846604,-1.0079556778267034,-1.0,0.25586567206369815,0.44028833179794763,-0.01329172322407644,0.17556151091817335,-1.0,LONG
SL,496.0,0.8893434212629806,-1.0138031663582334,-1.0,-0.19575222044105342,0.03927127879218927,0.6271321136351601,-0.4772970807050083,-1.0,LONG
TP,321.0,2.0301808895197064,-0.40340347451799324,1.9999999999999925,-0.2676026353060356,-0.28143265942209944,0.6385138844910929,1.9999999999999925,1.9999999999999925,LONG
TP,239.0,2.029560597407796,-0.25273974687046535,2.0,-0.04194555573940498,0.09224467554555187,2.0,2.0,2.0,LONG
TP,117.0,2.2242796163150658,-0.13098585618072603,2.0,1.0771952165774725,2.0,2.0,2.0,2.0,LONG
TIMEOUT,720.0,1.0334955246381952,-0.38376632523616955,0.09984051349576811,-0.038571579132953004,0.5725860411361196,0.6572485686192795,0.40451421437267115,0.09984051349576811,LONG
TIMEOUT,720.0,0.9307998081522784,-0.7786336901107846,-0.6711432756002351,0.7023826773173653,0.42945779672417683,0.39754657991635634,-0.13570664831956572,-0.6711432756002351,LONG
SL,99.0,0.38409997667653045,-1.0076124756016842,-1.0,-0.08658639850918559,-1.0,-1.0,-1.0,-1.0,LONG
SL,187.0,0.13247779052466926,-1.3218439848432784,-1.0,-0.8169839892662849,-0.7151995198853244,-1.0,-1.0,-1.0,LONG
TIMEOUT,720.0,1.5853892599868227,-0.6087595980632535,-0.0014005205476902642,0.28150463008599785,-0.023108589036905283,-0.04925163926048873,0.8937655295184823,-0.0014005205476902642,LONG
SL,605.0,1.559835117425226,-1.2999785017863965,-1.0,-0.5231903492389304,-0.2976412974846209,0.6254176173002326,0.6094228746783944,-1.0,LONG
SL,515.0,1.846638437617333,-1.0956292112119406,-1.0,-0.15811975773476877,0.6377258403963216,1.1399886002596953,0.2253743153233049,-1.0,LONG
SL,408.0,1.2952183467769334,-1.0113135438568939,-1.0,0.18165755214262794,0.5652144979523415,0.530699563045244,-1.0,-1.0,LONG
SL,193.0,0.39229686848923484,-1.0618092986709968,-1.0,0.2590746660398625,0.037982500272805364,-1.0,-1.0,-1.0,SHORT
TP,241.0,2.270905434499837,-0.15879171369748687,2.0,0.5928632708319009,0.11219646180168846,1.388661125578336,2.0,2.0,SHORT
TP,211.0,2.138632137025436,-0.40119380215102607,2.0,-0.2787848305681895,0.5088624263704565,2.0,2.0,2.0,SHORT
TIMEOUT,720.0,1.4428589755802965,-0.8763305813300255,0.23711117111695926,-0.1384590780244765,0.6126814202584212,-0.579220476402479,-0.3749933363163473,0.23711117111695926,SHORT
TIMEOUT,720.0,1.027883534846502,-0.29207619569407733,0.8397190626205042,-0.05101972008118556,0.34684048238672216,0.06552991570060082,0.9497157068322156,0.8397190626205042,SHORT
TIMEOUT,720.0,1.057645668859626,-0.42697175721042124,0.620137593316184,0.1434946211071478,-0.051176403331916656,0.263909687770465,0.322110303324426,0.620137593316184,SHORT
TIMEOUT,720.0,0.9786537168662229,-0.5718639188917278,-0.33191689312993805,0.48461045497832533,0.29359611505986954,-0.007074605182159071,0.5005283166381966,-0.33191689312993805,SHORT
SL,237.0,0.7767623708112332,-1.058489655561419,-1.0,0.40327248474242605,0.24550520528231923,-1.0,-1.0,-1.0,SHORT
SL,298.0,0.46895713469762657,-1.0747251028565645,-1.0,-0.4575562319092185,-0.6278097135498765,-0.9325938480940398,-1.0,-1.0,SHORT
SL,85.0,0.23034739340546503,-1.0574136809345045,-1.0,-0.46367341689804425,-1.0,-1.0,-1.0,-1.0,SHORT
SL,223.0,0.3725590890586658,-1.0071032373711049,-1.0,0.16648930624039215,-0.29528292050180605,-1.0,-1.0,-1.0,SHORT
TP,296.0,2.0316340316383465,-0.36558340994386423,1.99999999999999,-0.1716094141165906,-0.16563076356027107,0.268153549026056,1.99999999999999,1.99999999999999,SHORT
TP,190.0,2.2041894861620936,-0.21652063778408306,2.0000000000000107,-0.02043090616834411,0.2646624281807663,2.0000000000000107,2.0000000000000107,2.0000000000000107,SHORT
TP,116.0,2.0585746536361724,-0.37421902331529,1.9999999999999887,0.09398645213126089,1.9999999999999887,1.9999999999999887,1.9999999999999887,1.9999999999999887,SHORT
TP,74.0,2.2741412150243763,-0.29237197626220446,1.999999999999989,0.23000257491791073,1.999999999999989,1.999999999999989,1.999999999999989,1.999999999999989,SHORT
TIMEOUT,720.0,0.6064137824775402,-0.819065262626688,-0.5768568136881581,0.011307028328819912,0.06863564564515312,-0.0603041510870696,-0.1634559884728532,-0.5768568136881581,SHORT
SL,451.0,0.6350957097019617,-1.0085008108692368,-1.0,-0.21280075657919495,-0.2897963688376012,-0.24586635693556566,-1.0,-1.0,SHORT
SL,417.0,0.7676581766590374,-1.0182845015497677,-1.0,-0.4728500862051894,-0.22958738890830413,0.08389275722995432,-1.0,-1.0,SHORT
SL,222.0,1.4353287121332559,-1.1709058558071224,-1.0,0.917996331396451,-0.19457530937208323,-1.0,-1.0,-1.0,SHORT
SL,175.0,0.9540397088734257,-1.140097245458693,-1.0,0.2668144248052755,-0.6480344412555159,-1.0,-1.0,-1.0,SHORT
SL,30.0,0.09077615126961205,-3.0797942945707195,-1.0,-1.0,-1.0,-1.0,-1.0,-1.0,SHORT
TP,198.0,2.0123040293793983,-0.3577379038944014,1.9999999999999898,-0.04417915849234844,0.3253398543333438,1.9999999999999898,1.9999999999999898,1.9999999999999898,SHORT
TP,546.0,2.0267015169454834,-0.30360974390746914,2.0,0.19733619293384902,0.9023111226749202,0.48167878542434794,1.2809613510485038,2.0,SHORT
SL,30.0,0.25182199782479214,-1.2986440494684883,-1.0,-1.0,-1.0,-1.0,-1.0,-1.0,SHORT
TIMEOUT,720.0,0.834021996850713,-0.45202718913281864,0.2078688411998193,-0.24670497998446406,-0.03788115176534368,0.18654079776890203,0.17858257260811286,0.2078688411998193,SHORT
TIMEOUT,720.0,0.8320089246555796,-0.6920801509635117,-0.4939107525455375,0.01172376212014474,0.06277885522400642,-0.5071472581650547,-0.13123049857068514,-0.4939107525455375,SHORT
SL,212.0,0.5334110001263359,-1.050078157199376,-1.0,-0.27746939916885555,-0.39587228933141894,-1.0,-1.0,-1.0,SHORT
TIMEOUT,720.0,0.8834972168356798,-0.4728576653486899,0.2613160782189984,0.0711619677292801,-0.37641958886310356,0.09643807648558632,-0.054051986417336925,0.2613160782189984,SHORT
TIMEOUT,720.0,0.9838220505641943,-0.7957228830019764,-0.0015851053446360285,-0.08559568860976889,-0.5664109764795099,0.7349605114579957,0.09246447843648496,-0.0015851053446360285,SHORT
SL,622.0,0.9776961762302238,-1.1056835626894936,-1.0,0.21561360540438274,0.22092428534044653,-0.5963893568205061,-0.47583692227174956,-1.0,SHORT
SL,20.0,0.17397697400526146,-2.4262613565526947,-1.0,-1.0,-1.0,-1.0,-1.0,-1.0,SHORT
TP,423.0,2.039195779567447,-0.3248661841309761,1.999999999999987,0.3678332933815434,0.4845412522918662,0.379446025611429,1.999999999999987,1.999999999999987,SHORT
TIMEOUT,720.0,1.3947685658677296,-0.34608552480285304,0.526628026378123,-0.19700534366420225,0.13151981624379083,-0.05377861749050755,0.9451500563722713,0.526628026378123,SHORT
TIMEOUT,720.0,1.7194387519877992,-0.13536231499400356,0.9237107507613244,0.2171700692271564,0.13346471244737462,0.4343401384543128,1.24883332041983,0.9237107507613244,SHORT
TIMEOUT,720.0,1.9749132189539482,-0.17618789589669182,0.7011188434651893,-0.05812384194529504,0.393373858879811,0.7291428386888263,0.6398812242728273,0.7011188434651893,SHORT
TP,290.0,2.0422686225003486,-0.2529707457545269,1.9999999999999862,0.5029082691379129,0.749812570150144,1.1656673572358396,1.9999999999999862,1.9999999999999862,SHORT
SL,351.0,0.270529075655313,-1.1545262237137086,-1.0,-0.3220751211787507,-0.41727751138020525,-0.06925404075428201,-1.0,-1.0,SHORT
SL,300.0,0.6412175261297067,-1.029492460293687,-1.0,-0.1448199270348817,0.10114123457935899,-0.09057958353480175,-1.0,-1.0,SHORT
SL,225.0,0.6149030106160087,-1.1204734024711565,-1.0,0.11844367032428009,0.4096254406976303,-1.0,-1.0,-1.0,SHORT
SL,171.0,0.5273869579069503,-1.0268556794634958,-1.0,0.15680105347486978,-0.0738112276113452,-1.0,-1.0,-1.0,SHORT
TP,18.0,3.621025023341058,-0.42499241713718666,2.000000000000011,2.000000000000011,2.000000000000011,2.000000000000011,2.000000000000011,2.000000000000011,SHORT
SL,531.0,0.9717669564750073,-1.1117069541378441,-1.0,0.11129223139190063,-0.20852101388717334,-0.7056031643942247,-0.5989987493011948,-1.0,SHORT
SL,428.0,1.2570106691548457,-1.0170968554081266,-1.0,0.13626524768696024,-0.5669866489527914,-0.5474166399764739,-1.0,-1.0,SHORT
SL,64.0,0.44220668607831876,-1.032569576443756,-1.0,-0.9365992543646458,-1.0,-1.0,-1.0,-1.0,SHORT
SL,479.0,0.8275734486071377,-1.0879616319099361,-1.0,0.31956731587163567,0.5385301063762624,-0.006540851494449678,-1.0,-1.0,SHORT
SL,158.0,0.47548736421299054,-1.1385994721424315,-1.0,-0.13846963106472554,-0.0565444433118068,-1.0,-1.0,-1.0,SHORT
TP,500.0,2.0242186395743467,-0.9132680173063643,1.9999999999999807,0.5140601649541214,0.9256498651333502,0.3765789580477948,0.9491326799775884,1.9999999999999807,SHORT
TP,658.0,2.282697998547546,-0.4561286729770964,2.0000000000000133,0.04608249784904233,-0.19929946521972172,-0.004109267324114258,0.11183077503492385,2.0000000000000133,SHORT
TP,533.0,2.1166501540792093,-0.09849642390564342,2.0,0.48839027995945355,0.23732669498928324,1.162666986043514,0.13532298002467494,2.0,SHORT
TP,493.0,2.3877640589574365,-0.34170839708594053,1.9999999999999853,-0.10390000364651983,0.6830941233530959,0.6514723831128483,0.6198506428726005,1.9999999999999853,SHORT
TP,28.0,2.0430096988921878,-0.10719999699833359,2.0,2.0,2.0,2.0,2.0,2.0,SHORT
TP,640.0,2.0480894213324805,-0.8661916927717327,2.0,-0.21487358358061187,-0.13655169727114802,-0.16743396123164955,1.0963203705979063,2.0,SHORT
TP,348.0,2.032905197301602,-0.7818866143467754,2.00000000000001,-0.09765334930238279,0.04420793515715403,-0.5546886192356055,2.00000000000001,2.00000000000001,SHORT
TP,221.0,2.0363084671019838,-0.9779793314737061,2.0,-0.2745935054603097,-0.7262686181350918,2.0,2.0,2.0,SHORT
TP,71.0,2.4839788814502524,-0.18626866073166168,2.0,1.0836908344803349,2.0,2.0,2.0,2.0,SHORT
SL,607.0,0.26064595978445987,-1.0145023398991435,-1.0,-0.7023477737763313,-0.31929130073595874,-0.4317724440953226,-0.46668038513788385,-1.0,SHORT
SL,262.0,0.1463094283342112,-1.1019202604032692,-1.0,-0.19690445519827388,-0.19712348128859933,-0.07052640108325005,-1.0,-1.0,SHORT
SL,187.0,0.30745208231051196,-1.0850796316326656,-1.0,-0.17737620133298945,-0.2727480429192777,-1.0,-1.0,-1.0,SHORT
SL,143.0,0.4409407588252455,-1.063151316475451,-1.0,0.008945098926041124,0.36490741795383014,-1.0,-1.0,-1.0,SHORT
SL,98.0,0.48908153338942084,-1.084401373975422,-1.0,0.1252290926799075,-1.0,-1.0,-1.0,-1.0,SHORT
SL,22.0,0.33042944850671924,-1.0790586677797536,-1.0,-1.0,-1.0,-1.0,-1.0,-1.0,SHORT
TIMEOUT,720.0,0.452820467600062,-0.9606887946896391,-0.5207665703172478,0.34042149090177526,0.0027639092630805232,0.17251400317011792,-0.4392312470566081,-0.5207665703172478,SHORT
SL,170.0,0.1296717353065701,-1.0148222763122003,-1.0,-0.3137089497012722,-0.5009678221160285,-1.0,-1.0,-1.0,LONG
TP,482.0,2.063290657133704,-0.49602041390762086,2.0,-0.3313724894347026,0.0634858663733543,0.18185437423766784,1.6737722340112644,2.0,LONG
TP,362.0,2.1868598426539867,-0.3450510561730472,2.000000000000015,0.1320281235929382,0.09877415730144463,1.0927714269449844,2.000000000000015,2.000000000000015,LONG
SL,174.0,0.33048141788506913,-1.1705291111563187,-1.0,-0.05436050993650992,-0.06477537398977497,-1.0,-1.0,-1.0,LONG
TIMEOUT,720.0,1.930252860791934,-0.7423529391066708,0.3747823126091073,0.288918174843583,0.20260330669608786,-0.2246890954126699,1.0630476058792244,0.3747823126091073,LONG
TP,138.0,2.078496617476132,-0.464154247875034,2.0,0.05065130855614082,1.4119612562108688,2.0,2.0,2.0,LONG
TIMEOUT,720.0,1.8156335985261935,-0.527506166556406,0.9577700347324529,0.948223416398313,0.5548139352796444,0.5312804110140823,-0.19426258238082958,0.9577700347324529,LONG
SL,273.0,0.28304659047998865,-1.1835736231945326,-1.0,-0.034165584523100034,-0.22832610144706245,-0.09333037723383639,-1.0,-1.0,LONG
SL,213.0,0.4618597659092154,-1.1330516559355666,-1.0,-0.09424476583629268,0.13562788416823293,-1.0,-1.0,-1.0,LONG
TP,621.0,2.0216791251849626,-0.2117290737240068,2.0,0.26805839555489036,0.08572927489174412,0.4506345746471136,0.3313053534000987,2.0,SHORT
TP,428.0,2.1555927225660194,-0.33867800645104523,2.0,0.7765237168458208,0.4387156025346253,0.9980562484627711,2.0,2.0,SHORT
SL,1.0,-0.719437597309287,-1.0719354942293668,-1.0,-1.0,-1.0,-1.0,-1.0,-1.0,SHORT
SL,354.0,0.852885211137853,-1.0847006058901618,-1.0,-0.4938518440897973,-0.6388043274595074,0.07690986945333973,-1.0,-1.0,SHORT
SL,564.0,1.5356771396642088,-1.0309299523318494,-1.0,-0.13225346975775432,0.8829031329699735,0.18564019149483638,-0.6289117598572126,-1.0,SHORT
SL,170.0,0.9384935831573835,-1.0973531740564226,-1.0,-0.014219599744806086,0.12020005409283462,-1.0,-1.0,-1.0,SHORT
TP,134.0,2.012594847689827,-0.6624655900109968,1.9999999999999816,-0.18776632060433737,0.7835789310068717,1.9999999999999816,1.9999999999999816,1.9999999999999816,SHORT
TP,89.0,2.0134908917037877,-0.25159206158981606,2.0,0.8170141010547878,2.0,2.0,2.0,2.0,SHORT
TP,107.0,2.0154092315552212,-0.2420989215448096,1.9999999999999833,1.3379730990383,1.9999999999999833,1.9999999999999833,1.9999999999999833,1.9999999999999833,SHORT
TP,301.0,2.0081143098670666,-0.8501718440001295,2.0000000000000147,-0.27508415203658565,-0.20841669871948548,-0.0453079779824994,2.0000000000000147,2.0000000000000147,SHORT
TP,106.0,2.133710870351675,-0.6591661660124856,1.9999999999999838,0.2241307950595586,1.9999999999999838,1.9999999999999838,1.9999999999999838,1.9999999999999838,SHORT
TP,81.0,2.176339798853501,-0.32747226158952375,2.0,1.3224081066603137,2.0,2.0,2.0,2.0,SHORT
TP,40.0,2.1704368443171265,-0.14117527987659922,2.0,2.0,2.0,2.0,2.0,2.0,SHORT
SL,443.0,0.08890418310578568,-1.1100675085014422,-1.0,-0.21114743487625082,-0.6062771375686417,-0.396364483013309,-1.0,-1.0,SHORT
SL,218.0,0.297287716495646,-1.0451004520563705,-1.0,-0.19476203923693627,-0.3634333147270517,-1.0,-1.0,-1.0,SHORT
TP,52.0,2.0605370598810873,-0.15486291055473303,2.0,2.0,2.0,2.0,2.0,2.0,SHORT
TP,56.0,2.0486284833274144,-0.7192492899654603,2.0,2.0,2.0,2.0,2.0,2.0,SHORT
TIMEOUT,720.0,0.6506004989823218,-0.5386312102081935,-0.029465602308982063,-0.011393366226147235,0.07052100819282432,-0.2109737125323162,-0.16107862595577396,-0.029465602308982063,SHORT
TIMEOUT,720.0,0.6206407847472143,-0.7299556605653704,-0.2679329915461485,-0.2674868083795442,0.25633222921443555,-0.19364349430645889,0.15036372714580684,-0.2679329915461485,SHORT
TIMEOUT,720.0,0.553717556148835,-0.9638044379322076,-0.34566614301912013,-0.35694603891169024,-0.3734898862208075,-0.22685123961733927,-0.4191107984974355,-0.34566614301912013,SHORT
TP,638.0,2.0026625768041177,-0.7688793821658813,2.0000000000000147,-0.37901155590984764,-0.4783144993706284,-0.27683489382799586,-0.5313186428255944,2.0000000000000147,SHORT
SL,236.0,0.8285648962564295,-1.01693230811423,-1.0,-0.20892421181554602,-0.6062158354888928,-1.0,-1.0,-1.0,SHORT
TP,264.0,2.0817140108925036,-0.5664295641083607,1.9999999999999827,-0.05918487073067612,-0.00720841374284108,0.6108182171563548,1.9999999999999827,1.9999999999999827,SHORT
TP,81.0,2.052223307353467,-0.20442640824423733,1.999999999999981,0.8470290931758905,1.999999999999981,1.999999999999981,1.999999999999981,1.999999999999981,SHORT
SL,6.0,-0.6402190808512609,-1.005483738012908,-1.0,-1.0,-1.0,-1.0,-1.0,-1.0,SHORT
SL,430.0,0.8333809581460083,-1.0221378865990343,-1.0,-0.18854835726136376,0.2472959095791581,0.42360809026308666,-1.0,-1.0,SHORT
SL,356.0,0.3688444404648912,-1.0109276520053938,-1.0,0.029016506662895222,-0.17623807732752936,-0.46435710823026205,-1.0,-1.0,SHORT
TIMEOUT,720.0,0.7119355727239646,-0.9254906537585267,0.244008112362434,-0.828117725857212,-0.5458513934652102,-0.2307009053956372,-0.5582629230400202,0.244008112362434,SHORT
TP,572.0,2.0792134563458333,-0.8009379653452128,2.0,-0.22555273171734516,-0.4270235702484742,-0.09697262345521396,0.9019959099659569,2.0,SHORT
TP,350.0,2.154632900417748,-0.2932741870749607,2.000000000000011,-0.041411962006456506,0.16879612583917392,0.9255936771267401,2.000000000000011,2.000000000000011,SHORT
TP,529.0,2.5003375150408234,-0.19279422410037167,1.9999999999999865,0.7583039901339067,0.9334353893555134,1.505231923566249,1.0052841685233558,1.9999999999999865,SHORT
TIMEOUT,720.0,1.0618580856056539,-0.5286503773830596,-0.029297126825404418,-0.06608129717287506,-0.1624362920653564,-0.007487043522051414,0.5293014246458608,-0.029297126825404418,LONG
TP,656.0,2.5611775446290683,-0.16300964930048345,2.0,0.38614965914986127,0.5829826362591044,1.1091232910618607,0.45943353606883364,2.0,LONG
TP,626.0,2.3871944492697774,-0.1880407595903472,2.0,0.01409090963338382,0.021865204603542618,0.8425392173893385,0.10349530179004428,2.0,LONG
TP,116.0,2.383886201813235,-0.2028839320691892,2.000000000000023,-0.13730528735996245,2.000000000000023,2.000000000000023,2.000000000000023,2.000000000000023,LONG
TP,41.0,2.294617610154103,-0.2862297828912361,2.0,2.0,2.0,2.0,2.0,2.0,LONG
SL,205.0,0.5865463030568377,-1.5105688504763022,-1.0,0.328170330081727,0.45516868967967106,-1.0,-1.0,-1.0,LONG
SL,457.0,0.4251792077681581,-1.0902030968414338,-1.0,-0.31888440582611166,-0.29011515743724603,-0.17412966130106233,-1.0,-1.0,LONG
TIMEOUT,720.0,0.5173346845078146,-0.6664341513424975,0.2574222527605081,0.3199879998038792,0.15407982480827948,0.3539166884990273,-0.2393684551062063,0.2574222527605081,LONG
SL,307.0,0.15050588370631895,-1.0419638102745552,-1.0,-0.22479404425368418,-0.12960228874711896,-0.29554467334639484,-1.0,-1.0,LONG
TIMEOUT,720.0,0.617313229271125,-0.9925662969352845,0.212151574917473,0.33019079705200466,0.17945152013695473,-0.5646741166976117,-0.3010797726742313,0.212151574917473,LONG
SL,159.0,0.08635140016053892,-1.0119304706312773,-1.0,-0.0746579813887899,-0.38093560383318736,-1.0,-1.0,-1.0,LONG
SL,516.0,0.6284061766433022,-1.4143167219196506,-1.0,-0.032225957776587114,-0.21752521499191724,0.33958103007070295,-0.018127101249337123,-1.0,LONG
SL,471.0,0.649316561382644,-1.4111867444818031,-1.0,-0.5623617778182652,0.058511630062017636,0.5526098394745864,-1.0,-1.0,LONG
SL,366.0,0.619148379485317,-1.531332053644864,-1.0,0.10474633543346704,0.39820570434021124,0.12128523050190514,-1.0,-1.0,LONG
SL,321.0,0.6109339233638592,-1.657035275302365,-1.0,0.4266698117782623,-0.4942035031603459,-0.26968752253907996,-1.0,-1.0,LONG
SL,171.0,0.22475472862698181,-1.7943305345230627,-1.0,-0.2562667318159125,-0.0500484756530162,-1.0,-1.0,-1.0,LONG
SL,126.0,0.3582013327213001,-1.6763822371356802,-1.0,-0.0539690007966811,-0.5516300523908109,-1.0,-1.0,-1.0,LONG
SL,66.0,0.06858872004439817,-1.825812406815563,-1.0,-0.6883022962201577,-1.0,-1.0,-1.0,-1.0,LONG
SL,231.0,1.0391367936336955,-1.0495942084001517,-1.0,0.11640753805801318,0.7845813026084903,-1.0,-1.0,-1.0,SHORT
SL,66.0,0.2125719475303095,-1.2159115398733777,-1.0,-0.5614831441662684,-1.0,-1.0,-1.0,-1.0,SHORT
TIMEOUT,720.0,1.695582233230582,-0.9552688929884683,-0.03315234893102412,0.514663481388973,0.7673164631617367,0.5550344869420879,-0.35665510866124545,-0.03315234893102412,SHORT
SL,336.0,1.0642229443567972,-1.0835724524360042,-1.0,0.35459098526560867,0.2954174896280087,-0.24681872514997477,-1.0,-1.0,SHORT
TIMEOUT,720.0,0.31286708196064317,-0.800109555541007,-0.5134278772162496,-0.52370807271775,0.12122872053651622,-0.3658197870909938,-0.13112098413229134,-0.5134278772162496,SHORT
TIMEOUT,720.0,0.22657914729245857,-0.8941020798818603,-0.6353580581309847,-0.43646513189132746,-0.3375276066585055,-0.2524331919520749,-0.13802395495444403,-0.6353580581309847,SHORT
TIMEOUT,720.0,0.19748883679250634,-0.7943175503923458,-0.46160041370778815,-0.11103790020461983,-0.26668924245574843,-0.10052895607811604,-0.35353674297292775,-0.46160041370778815,SHORT
SL,201.0,0.15400481533891305,-1.1915266177092798,-1.0,-0.3071159857145653,-0.3187333702372405,-1.0,-1.0,-1.0,SHORT
SL,166.0,0.1906824353063646,-1.0568922786187396,-1.0,0.06685512213485466,-0.3604363106400469,-1.0,-1.0,-1.0,LONG
TIMEOUT,720.0,0.9587961208826175,-0.8141754259268117,0.2278753112411555,-0.4287808172067687,-0.5558125087219942,0.005472134403727813,-0.3392723330314266,0.2278753112411555,SHORT
TIMEOUT,720.0,1.5667768107161313,-0.4407127124001651,0.6867130111858208,0.4597754661805874,0.9476911879418394,0.5986612437238085,1.2581417495090055,0.6867130111858208,SHORT
SL,267.0,0.9238961970657064,-1.014958774191043,-1.0,0.38163914232432417,-0.2104964094354707,0.4255688277717293,-1.0,-1.0,SHORT
TIMEOUT,720.0,0.8458109007511805,-0.9115719716428984,0.331711921127934,0.00363320833657324,-0.13660863345464824,-0.1228024417757162,-0.013442870845268119,0.331711921127934,SHORT
TIMEOUT,720.0,0.9141108519609452,-0.8972591566155024,-0.029958569503028547,-0.4845798617113786,0.04194199730422634,0.504427414007121,0.03295442645331097,-0.029958569503028547,SHORT
TIMEOUT,720.0,0.749718289609205,-0.5230729091367969,-0.3011187655176563,0.07007535049535525,0.17328256126674246,0.0562948422389409,0.33483703040035667,-0.3011187655176563,SHORT
SL,571.0,0.823588878788951,-1.0087427218748883,-1.0,-0.13944158722033465,-0.5212733715096163,0.2800355842523978,-0.5531567096343722,-1.0,SHORT
SL,265.0,0.47197513623517945,-1.012790297587527,-1.0,-0.2377209500449827,-0.6869144952341816,-0.7765551034803128,-1.0,-1.0,SHORT
TP,232.0,2.307248519056569,-0.3301189818317713,2.0,0.09247632715808281,1.1516528649570907,2.0,2.0,2.0,LONG
TP,172.0,2.173357032819296,-0.2567600803005995,2.0,0.9753910431100484,0.9426922195695933,2.0,2.0,2.0,LONG
TP,464.0,2.0110857622907523,-0.8935519426445423,2.0,0.14490948709047435,-0.04852940668368981,0.01493212513344658,2.0,2.0,LONG
SL,134.0,0.2825243478054362,-1.0315516271490115,-1.0,-0.19669416619367802,-0.7601534139969444,-1.0,-1.0,-1.0,LONG
TP,42.0,2.0012798252319675,-0.2784788918692437,2.0,2.0,2.0,2.0,2.0,2.0,LONG
SL,191.0,0.3208649712769068,-1.1329062471070277,-1.0,-0.3366711274974479,0.21891526365444283,-1.0,-1.0,-1.0,LONG
SL,101.0,0.5527533673447829,-1.0459727635211653,-1.0,0.33460699123858445,-1.0,-1.0,-1.0,-1.0,LONG
TIMEOUT,720.0,1.012630421783139,-0.9869903902515595,-0.4521694972454461,-0.4591073881304667,0.1514270097513072,-0.46725186873462016,-0.1230721513516583,-0.4521694972454461,LONG
TIMEOUT,720.0,0.7292331522973133,-0.9317248678648999,-0.32056805360635715,-0.2884849506203165,-0.6093159804806513,-0.3907827134200444,-0.10597943035549892,-0.32056805360635715,LONG
TIMEOUT,720.0,1.394082705203637,-0.4864999326587728,0.16830611247332478,-0.006986291461165323,-0.09336225861728481,0.18513672372066445,-0.046998688011421985,0.16830611247332478,LONG
TIMEOUT,720.0,1.863443022816405,-0.46861732822306684,0.4130920817697337,0.05513145037916959,0.48870092800404596,1.099478638990585,-0.28313937730452526,0.4130920817697337,LONG
TIMEOUT,720.0,1.5168436506103844,-0.8589162274416333,-0.12035257740891721,-0.02045993815950644,-0.132387835149798,0.3658718353231039,-0.3426036703573829,-0.12035257740891721,LONG
TIMEOUT,720.0,1.6018710790753077,-0.911716766786906,0.0988966511458763,-0.014006821836108586,0.500001094634521,-0.1447371589731478,-0.2610362251275396,0.0988966511458763,LONG
TIMEOUT,720.0,1.6934448823794948,-0.13217635825378685,1.0311826591705588,0.1822170160783379,0.38790137513645523,0.805827144967616,0.9604355222462005,1.0311826591705588,LONG
SL,472.0,0.6206819222382325,-1.1321238261625453,-1.0,0.29693423159877136,-0.11023310938952274,0.04568218947671495,-1.0,-1.0,LONG
SL,311.0,0.34297536704074827,-1.0657104682821334,-1.0,-0.08859333499088541,0.04921851943939387,-0.1761504906251297,-1.0,-1.0,LONG
SL,365.0,0.7667153648021754,-1.0526577915856326,-1.0,0.4418068357716556,-0.02750548393909231,-0.4412338048562714,-1.0,-1.0,LONG
SL,202.0,0.16530179137325057,-1.0376369874320184,-1.0,-0.46480899752475213,-0.283140692154166,-1.0,-1.0,-1.0,LONG
SL,100.0,0.09354071733060494,-1.0627577884670938,-1.0,-0.5048944742664441,-1.0,-1.0,-1.0,-1.0,LONG
TP,440.0,2.0907874931622614,-0.5818882934677047,2.0,-0.40065072028689985,-0.3937097068459396,0.8159546911714,2.0,2.0,SHORT
TP,341.0,2.025863018367147,-0.41771591441799705,2.0000000000000178,0.11557201409297886,0.33251606785114246,0.8602817840846428,2.0000000000000178,2.0000000000000178,SHORT
TP,303.0,2.0363984577032905,-0.3240618634892739,2.0000000000000178,-0.007079021289807985,0.9509485265984157,0.9584208268487775,2.0000000000000178,2.0000000000000178,SHORT
TP,243.0,2.073334579194333,-0.2174917554808231,1.9999999999999802,0.8751764052880581,1.0384037507187582,1.6370487223914951,1.9999999999999802,1.9999999999999802,SHORT
TP,124.0,2.0267519096370443,-0.03025002850205004,2.0,0.20468243584562237,1.9309130342894458,2.0,2.0,2.0,SHORT
TP,153.0,2.008228185879543,-0.3897163667962143,1.9999999999999816,-0.32724890365927545,0.5686554224916848,1.9999999999999816,1.9999999999999816,1.9999999999999816,SHORT
TP,78.0,2.119488199749064,-0.441885916183851,2.0,0.7855749621046152,2.0,2.0,2.0,2.0,SHORT
TIMEOUT,720.0,1.638753473963664,-0.2997512070438711,0.22004463607992936,0.2541072732440049,0.10797855981010651,1.4888778704417438,0.3651514703988832,0.22004463607992936,SHORT
SL,547.0,0.10829080026586321,-1.015346043200733,-1.0,-0.3943510115876371,-0.6861611769058232,-0.7692959284373663,-0.6840049441571632,-1.0,SHORT
SL,281.0,0.35867866936255166,-1.1348357899503785,-1.0,-0.18504637233265564,-0.1988816151238856,-0.14769121679634573,-1.0,-1.0,SHORT
SL,71.0,0.3972724180300402,-1.2648521131424895,-1.0,-0.04605382831965286,-1.0,-1.0,-1.0,-1.0,SHORT
SL,38.0,0.05229403613052287,-1.1268670617505345,-1.0,-1.0,-1.0,-1.0,-1.0,-1.0,SHORT
TP,292.0,2.0095179557981586,-0.3925803784468132,2.0,-0.21434248834872457,-0.03884671963675784,1.3002225572539876,2.0,2.0,SHORT
TP,171.0,2.110253981366849,-0.6385478500152878,2.0000000000000258,-0.3689136871996525,1.3323763442899035,2.0000000000000258,2.0000000000000258,2.0000000000000258,SHORT
SL,553.0,0.6538965939058404,-1.0965581836045506,-1.0,0.04115976184919516,-0.01009579064226008,0.12891548050877527,0.21201160348728512,-1.0,LONG
SL,508.0,0.68047644919799,-1.1719316625077034,-1.0,-0.23997478643215475,0.2301128089075175,0.24737126957558597,-0.48241506724547817,-1.0,LONG
SL,478.0,0.6375200792005381,-1.2047494830019967,-1.0,-0.22721869489452465,0.0980800121847182,-0.0073560009138269175,-1.0,-1.0,LONG
SL,466.0,1.786292410611407,-1.0087073135732227,-1.0,0.8182587790371004,0.4943048647633469,0.670397982123371,-1.0,-1.0,LONG
SL,343.0,1.1211334058088522,-1.1211334058088742,-1.0,0.18038997705920093,-0.1755407841275282,-0.22160811697866184,-1.0,-1.0,LONG
SL,301.0,0.612437661006599,-1.0110082022965678,-1.0,0.3066238818663987,0.37588766495643067,-0.25963792374683337,-1.0,-1.0,LONG
SL,251.0,0.29700318720341734,-1.0786526348500038,-1.0,-0.07120208858783526,-0.10739320543911461,-0.8618993154472416,-1.0,-1.0,LONG
SL,97.0,0.2328608788123045,-1.0617244158486543,-1.0,-0.40252902843019145,-1.0,-1.0,-1.0,-1.0,LONG
SL,243.0,0.2672076723989978,-1.1191944393675264,-1.0,0.1086551268219273,-0.31570609810492223,-0.8184109337875121,-1.0,-1.0,LONG
SL,57.0,0.10002910436179543,-1.0778646347556708,-1.0,-1.0,-1.0,-1.0,-1.0,-1.0,LONG
SL,271.0,0.4564840434781464,-1.0578139853676145,-1.0,-0.07330080313541572,-0.4090799312707841,-0.7953356603676819,-1.0,-1.0,LONG
SL,204.0,0.2528683454776534,-1.0140847589722632,-1.0,-0.03394790180249427,-0.30509588671224935,-1.0,-1.0,-1.0,LONG
SL,122.0,0.14216595457872022,-1.1860146073758755,-1.0,-0.4820010103867493,-0.7974925808217105,-1.0,-1.0,-1.0,LONG
SL,404.0,0.45141688846322114,-1.0333185249701342,-1.0,-0.32658899365845445,0.19836698691031546,-0.0049026061403733496,-1.0,-1.0,LONG
SL,312.0,0.29380840656979607,-1.036644755255679,-1.0,-0.034449233654405394,0.005543554840952459,-0.236788985348702,-1.0,-1.0,LONG
SL,197.0,0.6274042723791563,-1.0279588431373161,-1.0,0.40695163392749895,0.3754583998629605,-1.0,-1.0,-1.0,LONG
SL,137.0,0.24588056080319523,-1.0654824301470878,-1.0,0.05883031822898508,-0.41935457609374943,-1.0,-1.0,-1.0,LONG
SL,114.0,0.3988767513411286,-1.004331677004495,-1.0,0.15183971799262594,-1.0,-1.0,-1.0,-1.0,LONG
SL,96.0,0.39768339364283006,-1.254047513045249,-1.0,-0.4865377750727096,-1.0,-1.0,-1.0,-1.0,LONG
TIMEOUT,720.0,0.961199491990838,-0.3656313585457106,0.17608409418336493,0.6239116496114527,0.33587066657106984,0.3330363149544389,0.6044254822470909,0.17608409418336493,LONG
TIMEOUT,720.0,0.15974225614039764,-0.9907091847169237,-0.7944105276520861,-0.3084254330095466,-0.8493987273619544,-0.35757689643737417,0.0267261082388718,-0.7944105276520861,LONG
TIMEOUT,720.0,0.581112494393369,-0.845732082235789,-0.4172847346745659,0.10505988599201661,0.15693320470057537,0.22358056987677127,-0.13460797892727594,-0.4172847346745659,LONG
SL,494.0,0.5081964018981571,-1.1326814306793962,-1.0,-0.024541430998057015,0.06758332536386927,0.1359217716815241,-0.5848411787074533,-1.0,LONG
SL,88.0,0.11673248719413348,-1.017907288332847,-1.0,-0.8002011997157871,-1.0,-1.0,-1.0,-1.0,LONG
SL,212.0,0.12205193220970534,-1.066348460358405,-1.0,-0.08870942441305266,-0.38756841631499456,-1.0,-1.0,-1.0,SHORT
SL,108.0,0.4015424845323918,-1.030076336253779,-1.0,-0.18953404587069328,-1.0,-1.0,-1.0,-1.0,SHORT
SL,26.0,0.4495499941532489,-1.0629855233651326,-1.0,-1.0,-1.0,-1.0,-1.0,-1.0,SHORT
TP,122.0,2.2037631396926143,-0.14495819928809114,2.0,0.4458336369857458,1.772375508821488,2.0,2.0,2.0,SHORT
TIMEOUT,720.0,1.9484932538802342,-0.3678357379034682,0.1740743773740445,0.6222122834113789,1.3319798340138453,0.7745273636136648,0.5745490610351505,0.1740743773740445,SHORT
TIMEOUT,720.0,1.4627322326694905,-0.6994119868199337,0.3159624326423571,0.4039001970670764,0.21370921819499716,0.2863090004526032,0.6467515813795562,0.3159624326423571,SHORT
TIMEOUT,720.0,1.6595319858266095,-0.8983180887133628,0.7921575514674477,1.0511321356010122,0.6779040584673329,1.2325095557387065,-0.47653227705461587,0.7921575514674477,SHORT
SL,414.0,0.4282854171035643,-1.0377838625063052,-1.0,-0.5671887956236398,0.12373576822190198,-0.28339482399210275,-1.0,-1.0,SHORT
TIMEOUT,720.0,0.9298138038896518,-0.9872581716664155,0.1202406952842683,0.3603652885374297,0.6097666119905725,-0.22192793016860643,0.0542331919383061,0.1202406952842683,SHORT
SL,309.0,0.276293199716571,-1.0230985065049052,-1.0,-0.13372449358882213,-0.2186289339626762,-0.8688554398257382,-1.0,-1.0,SHORT
SL,611.0,1.577765543967797,-1.130906240967507,-1.0,0.13923079268357566,-0.06934023667247169,0.24929466041763865,-0.5217027330594596,-1.0,SHORT
SL,444.0,1.5023303669429169,-1.0567143295301114,-1.0,-0.25754234861877917,-0.24285791646067836,0.9047869352791419,-1.0,-1.0,SHORT
SL,380.0,1.217816022424039,-1.166977402892074,-1.0,-0.6141074154822999,-0.39688785930042053,0.7602684466366433,-1.0,-1.0,SHORT
SL,215.0,1.4580313841818286,-1.1599562425700443,-1.0,1.097804404531845,0.4578941537100072,-1.0,-1.0,-1.0,SHORT
TP,198.0,2.1621098175119986,-0.9572143868634678,1.999999999999978,-0.20542957160996847,0.006799087476446645,1.999999999999978,1.999999999999978,1.999999999999978,LONG
SL,625.0,1.9824976116310007,-1.1714058703287578,-1.0,0.2563773610381005,0.7606631612782331,1.0008725806292431,0.4380742295215729,-1.0,LONG
SL,153.0,0.27983291782404385,-1.1081111533275345,-1.0,-0.2288305634211198,-0.43181993394475066,-1.0,-1.0,-1.0,LONG
TP,457.0,2.084040693798401,-0.22283344841665412,2.0000000000000164,0.101553604360369,0.2458473947285424,1.8086039395260094,2.0000000000000164,2.0000000000000164,LONG
SL,78.0,0.12536583676390514,-1.4828775603020026,-1.0,0.014094384014880503,-1.0,-1.0,-1.0,-1.0,LONG
SL,18.0,0.4472215808402227,-1.2093031984154838,-1.0,-1.0,-1.0,-1.0,-1.0,-1.0,LONG
TIMEOUT,720.0,0.3438201820907346,-0.8551099731703038,-0.11101205141305857,-0.45197763789602424,-0.5633068665988269,-0.5569633208038007,-0.33240179965967315,-0.11101205141305857,SHORT
TIMEOUT,720.0,1.053266778198801,-0.21731616865374753,0.6426515575696296,0.06197965594402289,0.1417784629719548,0.4931256376046608,0.41255208487742934,0.6426515575696296,SHORT
TP,635.0,2.1585822884001624,-0.10007771367838575,2.0000000000000253,0.4749544533134663,0.6048896064318113,0.15371052156129325,0.7237664486464771,2.0000000000000253,SHORT
TP,440.0,2.2137824860801,-0.27504162721956366,2.0,-0.04102087838727699,0.2676444196415231,0.6913026718378836,2.0,2.0,SHORT
TP,380.0,2.3857616827340093,-0.21111628751917177,2.0000000000000338,0.24950106706810904,0.5159800173982164,0.34989202896530897,2.0000000000000338,2.0000000000000338,SHORT
TP,96.0,2.5315593236268654,-0.31136415794985967,1.9999999999999651,0.9409946349864098,1.9999999999999651,1.9999999999999651,1.9999999999999651,1.9999999999999651,SHORT
TP,552.0,2.311698134352324,-0.8774292684046908,2.0,-0.2816256954800915,-0.3876668943035973,-0.618491457324048,-0.14105945517917554,2.0,SHORT
TP,450.0,2.0333762576551377,-0.4140290522151318,2.0,-0.13851336905007788,-0.31581048143417667,-0.12441018965587806,2.0,2.0,SHORT
TP,416.0,2.0518156185725607,-0.3090083762910496,2.0000000000000244,-0.03815581689854895,-0.026870293590526055,0.3079335645474051,2.0000000000000244,2.0000000000000244,SHORT
TP,191.0,2.2539994842061573,-0.6021599453648467,1.9999999999999645,-0.35223623263237064,0.4295563812589678,1.9999999999999645,1.9999999999999645,1.9999999999999645,SHORT
TP,101.0,2.1062031622365063,-0.5300089533730479,2.0,0.13104616979001585,2.0,2.0,2.0,2.0,SHORT
TIMEOUT,720.0,1.9494238503369925,-0.6025491901041529,0.38794262924513345,0.07380135124563353,-0.26655882785428736,-0.34958534800562785,1.332794139271481,0.38794262924513345,SHORT
TP,540.0,2.115658804485634,-0.6965266017849299,1.9999999999999754,-0.5405959194820658,-0.3678225502405671,0.45583917230701426,0.18472624384312628,1.9999999999999754,SHORT
TP,172.0,2.2880119775910823,-0.3098104604805997,1.9999999999999734,0.03879979201463974,1.3021445350370655,1.9999999999999734,1.9999999999999734,1.9999999999999734,SHORT
TP,112.0,2.1267136345891577,-0.4043533906113046,2.0,1.0914454879400917,2.0,2.0,2.0,2.0,SHORT
SL,570.0,1.4409915627353154,-1.0176255691937552,-1.0,0.11076435877541173,0.8006680791479525,-0.63997185070237,0.010548986550029314,-1.0,SHORT
SL,53.0,0.3259241795855717,-1.121464047237214,-1.0,-1.0,-1.0,-1.0,-1.0,-1.0,SHORT
SL,195.0,0.8421618572782398,-1.0626101081540007,-1.0,-0.11889343867456023,0.04004397066471095,-1.0,-1.0,-1.0,SHORT
SL,66.0,0.6482706919329264,-1.0116122822779094,-1.0,-0.23751689908372836,-1.0,-1.0,-1.0,-1.0,SHORT
SL,297.0,0.1497923203983155,-1.1735697543017853,-1.0,-0.22144494610066895,-0.8244474957356234,-0.6386814290999225,-1.0,-1.0,SHORT
TIMEOUT,720.0,1.4963086495489473,-0.9954505064201797,0.8262744508113108,-0.07741269928099931,0.13420896167776378,-0.17160151877172714,0.05982809135033032,0.8262744508113108,LONG
SL,348.0,0.13628719149637686,-1.1902565151380666,-1.0,-0.20307694097142368,-0.1464410385449542,-0.15050257736437897,-1.0,-1.0,LONG
SL,213.0,0.1255396736404297,-1.4064410841478034,-1.0,-0.38370365261659894,-0.02267082142491429,-1.0,-1.0,-1.0,LONG
SL,123.0,0.12579079347780242,-1.3310025850421368,-1.0,-0.0864103423665125,-0.690716113736216,-1.0,-1.0,-1.0,LONG
TP,359.0,2.0448959633171495,-0.2887377278958406,2.0000000000000107,0.1316886011193043,0.9034396433679075,0.9951098003308012,2.0000000000000107,2.0000000000000107,LONG
TIMEOUT,720.0,1.6437710071639455,-0.19760842294078623,0.9963189072878119,0.45480975248569655,0.6033781793668259,0.28968774043674916,0.6652472039315271,0.9963189072878119,LONG
TIMEOUT,720.0,1.201510226110993,-0.12899889850229812,0.2576062980713752,0.17421702529142927,0.3433445644507451,-0.07751678878135496,0.4519855184246164,0.2576062980713752,LONG
TIMEOUT,720.0,1.1349334327633263,-0.2506770446151994,0.6465052097387761,0.0485249731334574,0.35811006373600324,0.16549346732415093,0.2447438601272614,0.6465052097387761,LONG
TIMEOUT,720.0,1.1358533053407744,-0.5185417263512231,-0.5084178164557981,0.19753970527665643,-0.4775522375063205,-0.12445001432429265,0.5457034358267612,-0.5084178164557981,LONG
TIMEOUT,720.0,1.5179958207945148,-0.7872015669615304,1.1903888149887811,-0.2661980590007562,-0.08891793202530042,0.004168028063688721,0.6315951859172484,1.1903888149887811,LONG
TIMEOUT,720.0,1.9381603025183627,-0.866816932050442,0.13977990317881098,-0.11950879167886462,-0.005143416350737792,0.3418859103724163,-0.8477560361624186,0.13977990317881098,LONG
TP,556.0,2.0741335980306315,-0.8723657067536034,2.0,0.04918382322943099,0.03235777844041551,1.1111661116438734,0.5151358327714173,2.0,LONG
SL,157.0,0.9424886346733369,-1.0031293762840963,-1.0,-0.0807325535902362,0.6991950568855756,-1.0,-1.0,-1.0,LONG
SL,98.0,0.2710824575125107,-1.0253782737875226,-1.0,-0.3499212857672512,-1.0,-1.0,-1.0,-1.0,LONG
TP,701.0,2.1490154721926586,-0.1120693909329252,2.0,0.8684811790277137,0.6427575774920907,0.49174690324510173,1.4482987753493974,2.0,LONG
SL,217.0,0.25104110021205117,-1.522859615256989,-1.0,-0.27171507317070626,-0.23147466151907847,-1.0,-1.0,-1.0,LONG
SL,127.0,0.6035058956943674,-1.0565972784998074,-1.0,0.3004594569501099,-0.1977193228392422,-1.0,-1.0,-1.0,LONG
SL,82.0,0.18067019664373973,-1.3606960416684053,-1.0,-0.49892188194509224,-1.0,-1.0,-1.0,-1.0,LONG
TP,286.0,2.5550138821358956,-0.11480548769758368,2.0000000000000133,0.5009425017320356,1.0962740513391431,1.2235069371895746,2.0000000000000133,2.0000000000000133,LONG
SL,668.0,1.4862949177282643,-1.0535031770245802,-1.0,0.05026563637367935,0.395899530521156,0.2006013928674468,0.6117189600888994,-1.0,LONG
SL,407.0,1.01920382226612,-1.0747518707141992,-1.0,0.0010286675638573064,-0.17981109016159852,0.2388566083268002,-1.0,-1.0,LONG
SL,287.0,0.9650120541980333,-1.1485865443876238,-1.0,0.18918140335149897,0.1773445866763745,0.2398512852590359,-1.0,-1.0,LONG
SL,459.0,0.45444597510982687,-1.067616281635057,-1.0,-0.05542341408439061,-0.06973462429398057,0.14077026769792225,-1.0,-1.0,LONG
TIMEOUT,720.0,0.4765646130210926,-0.9438415836218861,0.07538670795701966,-0.017007241315107363,0.1377465927790672,0.18020438670046043,-0.5127502328404675,0.07538670795701966,LONG
TIMEOUT,720.0,1.3860144093750095,-0.8807430015191177,-0.5037238690875926,0.08066545829858045,-0.5497631474450533,0.6559629954208878,0.5836155580020058,-0.5037238690875926,LONG
TIMEOUT,720.0,1.373961937780333,-0.9570190940583795,-0.8311007638694488,-0.4284803842448016,0.1676921838061102,0.7461605948478381,-0.24666465945383417,-0.8311007638694488,LONG
SL,410.0,1.26311192367122,-1.0954584437329478,-1.0,0.5149939620975035,0.5606805551707033,0.5347778885622352,-1.0,-1.0,LONG
SL,214.0,0.27479026687014846,-1.0095412202519736,-1.0,-0.40328931252885525,-0.15139823456455062,-1.0,-1.0,-1.0,LONG
SL,119.0,0.08353380379501339,-1.0918014706541022,-1.0,-0.11479791749607156,-1.0,-1.0,-1.0,-1.0,LONG
SL,63.0,0.2190048822325497,-1.0160249974622944,-1.0,-0.7977055765199869,-1.0,-1.0,-1.0,-1.0,LONG
TP,622.0,2.0558452186855742,-0.9775794374968407,2.0,-0.2903092782211396,0.020426493424029923,0.26590594536942647,0.6283406295745274,2.0,LONG
TP,497.0,2.020000700384043,-0.27077713725122415,2.0,0.1701515985733749,0.4858682967875234,0.6568340178421136,1.2970599370674885,2.0,LONG
TIMEOUT,720.0,1.9704655210615238,-0.356422916990954,1.664821107947754,-0.13254325133436434,0.15655353431783203,-0.1893243259574117,1.5488254840749558,1.664821107947754,LONG
TP,286.0,2.0691705324359577,-0.44965213393555514,2.0,-0.2407474438346853,0.2685337958189731,0.6699147489351025,2.0,2.0,LONG
SL,91.0,0.25401583555236623,-1.1148787080813725,-1.0,-0.08090036633405034,-1.0,-1.0,-1.0,-1.0,LONG
SL,52.0,0.04412135295486915,-1.0047005843265677,-1.0,-1.0,-1.0,-1.0,-1.0,-1.0,LONG
SL,426.0,0.8640060446935619,-1.057098304681882,-1.0,-0.25701997996186476,0.3816026697396582,0.034472968449902656,-1.0,-1.0,LONG
SL,350.0,0.6417405905338734,-1.018503036865347,-1.0,0.2566104133328342,0.10620581488274208,0.4585087402109313,-1.0,-1.0,LONG
SL,230.0,0.5146571917399294,-1.11881998204332,-1.0,-0.10998211521595731,0.33437940595408205,-1.0,-1.0,-1.0,LONG
SL,38.0,0.6156033545986456,-1.2574636999965523,-1.0,-1.0,-1.0,-1.0,-1.0,-1.0,LONG
SL,125.0,1.1859345096017784,-1.1195717492465094,-1.0,-0.05077150942842537,-0.44095255826420354,-1.0,-1.0,-1.0,LONG
SL,92.0,0.27354603493346014,-1.0314719879021375,-1.0,-0.213692077689262,-1.0,-1.0,-1.0,-1.0,LONG
SL,164.0,0.10798470324241775,-1.0475587001045414,-1.0,-0.08039135802028692,-0.39437891618969295,-1.0,-1.0,-1.0,LONG
SL,114.0,0.11114895728565316,-1.0199013695668848,-1.0,-0.24944531614518972,-1.0,-1.0,-1.0,-1.0,LONG
SL,532.0,1.008891024070476,-1.0179441906742976,-1.0,0.6567381875318107,0.5048291207896388,-0.5560792503773967,-0.5117340783688256,-1.0,SHORT
SL,197.0,0.4979014324300238,-1.0390091875089205,-1.0,-0.5923152485886927,-0.6480948397332875,-1.0,-1.0,-1.0,SHORT
SL,94.0,0.27398902020744087,-1.0956415124942716,-1.0,-0.405478584440168,-1.0,-1.0,-1.0,-1.0,LONG
TIMEOUT,720.0,1.3199823774072008,-0.7591133287494056,0.6911035472517861,-0.07393594503060856,-0.18864953913344837,-0.03583917946140284,-0.17383413030097591,0.6911035472517861,SHORT
SL,118.0,0.10517450976216543,-1.0031045535531806,-1.0,-0.2071489837303578,-1.0,-1.0,-1.0,-1.0,SHORT
TP,150.0,2.361559184537679,-0.5632957161393146,2.000000000000012,0.014885422262366384,0.5962003337719246,2.000000000000012,2.000000000000012,2.000000000000012,SHORT
TP,90.0,2.2346399849871315,-0.5718152551850952,2.0,0.5407437864546111,2.0,2.0,2.0,2.0,SHORT
TP,164.0,2.103546260677009,-0.6108978753145552,1.9999999999999896,1.11595837655262,0.32183666009492123,1.9999999999999896,1.9999999999999896,1.9999999999999896,SHORT
TP,657.0,2.1536828578779503,-0.285413315705167,2.0000000000000044,0.3031356639820426,0.3639112562404588,-0.0016701689475621833,0.305733704567137,2.0000000000000044,SHORT
TP,385.0,2.024835897187514,-0.20060366019077394,2.0,-0.11408019557996651,0.5284820524001297,0.10088565914134064,2.0,2.0,SHORT
TP,325.0,2.0240390477660855,-0.44894894597974117,2.000000000000006,0.32940554475273043,0.7117063997829027,1.2068065039796978,2.000000000000006,2.000000000000006,SHORT
TP,132.0,2.0273309079875212,-0.5909453923282818,2.0,0.6087558491726436,1.0833766952361625,2.0,2.0,2.0,SHORT
SL,187.0,0.36545940776223806,-1.0270089930944615,-1.0,-0.30756971920936904,-0.782166769271701,-1.0,-1.0,-1.0,SHORT
SL,472.0,0.20307559205707418,-1.0112519800023103,-1.0,-0.4488292926670947,-0.8113998100413802,-0.844923399841277,-1.0,-1.0,SHORT
SL,322.0,0.32804331106022533,-1.0773971490703245,-1.0,0.3016252572983707,-0.5435227408742839,-0.2508566496342777,-1.0,-1.0,SHORT
SL,143.0,0.22569815744630958,-1.0232115641502877,-1.0,-0.06684764828388856,-0.6489113174875313,-1.0,-1.0,-1.0,SHORT
SL,109.0,0.4915784911756293,-1.0780056282556847,-1.0,-0.4383344732397387,-1.0,-1.0,-1.0,-1.0,SHORT
SL,265.0,0.6783411885581261,-1.0516660244988805,-1.0,-0.0507569980249874,0.3344269496038248,-0.3021701658122783,-1.0,-1.0,LONG
SL,128.0,0.2925689666997625,-1.1133236660600367,-1.0,-0.3697300128623519,-0.5911087286383008,-1.0,-1.0,-1.0,LONG
TP,70.0,2.3932292542125255,-0.10733379466255649,2.0,0.9062744670671702,2.0,2.0,2.0,2.0,LONG
TP,89.0,2.0572953295215086,-0.41450293192708154,1.9999999999999796,1.0143235893593991,1.9999999999999796,1.9999999999999796,1.9999999999999796,1.9999999999999796,LONG
TIMEOUT,720.0,1.227844119939408,-0.23653106495572565,0.36641657333207567,0.1069037782660259,-0.03485992769543812,0.8167551948198414,0.564472606979506,0.36641657333207567,LONG
SL,157.0,0.04169997160340987,-1.0279316144159547,-1.0,-0.256755283671661,-0.248378870161805,-1.0,-1.0,-1.0,LONG
TP,378.0,2.3742835585777855,-0.5844390298037625,1.999999999999989,0.4054545769263625,0.36113461716623985,-0.022159979880055785,1.999999999999989,1.999999999999989,SHORT
TP,348.0,2.1281585880472904,-0.8960667739146485,1.9999999999999887,-0.12943186734322248,-0.3427455410223526,-0.03758502301696965,1.9999999999999887,1.9999999999999887,SHORT
TP,273.0,2.1233072510857824,-0.8785758185781971,2.0,-0.2189027489483282,-0.09067416350343228,0.2883290158269865,2.0,2.0,SHORT
TP,168.0,2.4237566189567166,-0.6096841433346029,1.9999999999999887,0.2514135677059595,0.7003128673438029,1.9999999999999887,1.9999999999999887,1.9999999999999887,SHORT
TP,120.0,2.0337012432288892,-0.2799741673278775,2.0,0.28883137478192966,2.0,2.0,2.0,2.0,SHORT
SL,399.0,0.3505502742119816,-1.0162964232847502,-1.0,0.022951847965893925,-0.1090569173534638,-0.6942577614527587,-1.0,-1.0,SHORT
TP,638.0,2.0658511351029456,-0.4434849456075773,2.00000000000001,0.16347035749668345,-0.27120216991700064,0.12095043971115198,0.15906414839973185,2.00000000000001,SHORT
TP,472.0,2.25801055955359,-0.1805206797127291,2.0000000000000124,0.12180366588786962,0.8501677397061354,0.3263573559103281,2.0000000000000124,2.0000000000000124,SHORT
TP,294.0,2.159832354053223,-0.2560391357544651,2.0,-0.0036414454862824133,0.1964104659165388,0.45700140852885685,2.0,2.0,SHORT
TP,208.0,2.2678683770332393,-0.6557356282661773,2.0,-0.3884809685019545,-0.1941139432188949,2.0,2.0,2.0,SHORT
TP,133.0,2.1691665713633137,-0.21513983262580735,2.0,0.3659298046001388,1.3069264609177023,2.0,2.0,2.0,SHORT
TP,164.0,2.0377261785270013,-0.24739527480642554,2.0,0.3412478069788188,0.436601979665969,2.0,2.0,2.0,SHORT
SL,492.0,0.2545535456069951,-1.048611170195609,-1.0,0.02054768446860321,0.012396536910807074,-0.31347954982689846,-0.8918713952821675,-1.0,SHORT
SL,311.0,0.21361475264477245,-1.1053778101011587,-1.0,0.07264472286632456,-0.46610424887746327,-0.4981071943564154,-1.0,-1.0,SHORT
SL,51.0,0.03713049050811903,-1.2891100092330017,-1.0,-1.0,-1.0,-1.0,-1.0,-1.0,SHORT
SL,85.0,0.38290560922768957,-1.0017845140884303,-1.0,-0.13870410403337124,-1.0,-1.0,-1.0,-1.0,SHORT
SL,65.0,0.38042022565813266,-1.0577611504234585,-1.0,-0.18116684280550557,-1.0,-1.0,-1.0,-1.0,SHORT
SL,413.0,0.9787922399936666,-1.0702416851530518,-1.0,-0.4632439107253901,-0.3682963993577294,0.34447623422513524,-1.0,-1.0,SHORT
SL,252.0,0.6518104288123869,-1.063236869693958,-1.0,-0.14825880574303313,0.4409791426945003,-0.6967173276566008,-1.0,-1.0,SHORT
TP,469.0,2.105255979676453,-0.14457975884010038,1.9999999999999896,-0.06619868131310676,0.013791391940240592,1.1823820023425777,1.9999999999999896,1.9999999999999896,SHORT
TP,394.0,2.181379161473606,-0.3870485099450939,2.000000000000012,-0.22488174442232825,0.48833713695445735,0.07452323852502528,2.000000000000012,2.000000000000012,SHORT
TP,140.0,2.407743326617817,-0.5795022287678974,2.0,0.05097954974798531,1.1959386211287357,2.0,2.0,2.0,SHORT
SL,400.0,0.36817196905801247,-1.0719446113332054,-1.0,-0.12023128847369761,-0.1840444395088021,-0.21719736563251138,-1.0,-1.0,SHORT
SL,205.0,0.878366695816488,-1.1096003415158844,-1.0,0.2667904066948498,0.3376745302277008,-1.0,-1.0,-1.0,SHORT
SL,141.0,0.49439208134388973,-1.0347066732990335,-1.0,-0.07528874766004445,-0.5299216027115462,-1.0,-1.0,-1.0,SHORT
SL,53.0,0.14487227455759613,-1.1113365076053239,-1.0,-1.0,-1.0,-1.0,-1.0,-1.0,SHORT
TP,152.0,2.0390642158472025,-0.5153276703989377,2.0000000000000067,-0.0016099416002257512,-0.17928895093402383,2.0000000000000067,2.0000000000000067,2.0000000000000067,SHORT
SL,25.0,0.11408632229359293,-1.5188193900269549,-1.0,-1.0,-1.0,-1.0,-1.0,-1.0,LONG
SL,409.0,0.9699135255674846,-1.0584258209437598,-1.0,0.25178269032082073,0.8173228591326963,-0.20404754016359114,-1.0,-1.0,SHORT
SL,379.0,1.0486713054155599,-1.1020313800203132,-1.0,1.0236212382377659,0.1590507689987277,0.01612812544323765,-1.0,-1.0,SHORT
SL,310.0,0.4797565933333292,-1.0500882180275897,-1.0,0.31829675482036635,-0.058728233944798064,-0.28713483476802026,-1.0,-1.0,SHORT
SL,212.0,0.08770438340392477,-1.041826301833973,-1.0,-0.5039260391143497,-0.48207477635501,-1.0,-1.0,-1.0,SHORT
SL,109.0,0.2948696409204158,-1.0416486175185613,-1.0,-0.09668906792395969,-1.0,-1.0,-1.0,-1.0,SHORT
TIMEOUT,720.0,0.5669713983407738,-0.7943055596642489,0.32326917740200206,-0.25234091906906675,-0.36600799973080944,-0.5703814107606179,0.17459263589644342,0.32326917740200206,SHORT
TP,701.0,2.0207610918088355,-0.5156314073693387,2.0,-0.28860366414545213,-0.05515060743410294,0.1849954841600259,0.16143600137265077,2.0,SHORT
TP,471.0,2.2501532904557657,-0.44248242842971797,2.0,0.4548459080475956,-0.23295398437917889,0.8599125428968427,2.0,2.0,SHORT
TP,441.0,2.130346662986305,-0.6422196183275284,2.000000000000015,-0.131660046949769,-0.1658313568451297,0.5048643530618634,2.000000000000015,2.000000000000015,SHORT
TP,308.0,2.001499649980065,-0.39566452964865684,2.0,0.6582268493234695,-0.10694530801382328,0.5439973407638197,2.0,2.0,SHORT
TIMEOUT,720.0,0.46942676287611507,-0.6442700046044773,-0.5290164803857844,-0.055663806709029894,-0.01962955400318436,-0.0945022814153276,-0.22924514853717898,-0.5290164803857844,SHORT
TIMEOUT,720.0,0.577812425374607,-0.8618249945596915,0.025193201733708873,0.17526493580215033,0.4395216849226591,-0.286368767908375,-0.6107992075007724,0.025193201733708873,SHORT
TP,468.0,2.0007805801707623,-0.2435708729608196,2.0,-0.17858160925177122,-0.14747563687821455,0.9023509307294303,2.0,2.0,SHORT
TP,154.0,2.0567831637079097,-0.2125206661773457,2.00000000000001,0.6407339487735181,1.2721786146970595,2.00000000000001,2.00000000000001,2.00000000000001,SHORT
TP,375.0,2.1717244811671796,-0.37835512445334807,2.0,0.7993691226439029,1.183298986278808,0.3262434321039101,2.0,2.0,SHORT
TP,74.0,2.1912586121249413,-0.31937181494264366,2.0,0.5384976761551368,2.0,2.0,2.0,2.0,SHORT
SL,202.0,0.19122059789660686,-1.056030141393879,-1.0,-0.2561332757778954,0.043328413068545985,-1.0,-1.0,-1.0,SHORT
SL,128.0,0.476529463238867,-1.091642408487667,-1.0,0.19075824075870448,-0.5173539235931854,-1.0,-1.0,-1.0,SHORT
SL,60.0,0.14548786750715598,-1.0180347121122169,-1.0,-1.0,-1.0,-1.0,-1.0,-1.0,SHORT
SL,113.0,0.3604069885656756,-1.0073147224721635,-1.0,-0.02463541440828503,-1.0,-1.0,-1.0,-1.0,SHORT
SL,327.0,0.19021604614580698,-1.0360218617251915,-1.0,-0.13130797990684015,-0.16418248138858263,-0.4315490917054135,-1.0,-1.0,SHORT
SL,473.0,1.0334681272150277,-1.097368229035921,-1.0,0.3573407928643317,0.16421255216542405,-0.011601973794298117,-1.0,-1.0,SHORT
SL,441.0,0.7155450332150151,-1.071494969503578,-1.0,-0.0679822458963832,-0.3787321902752865,-0.4884515254753464,-1.0,-1.0,SHORT
SL,308.0,1.2894943854811254,-1.1431832336518772,-1.0,0.265316322676425,-0.07152536809479189,0.6885590278983414,-1.0,-1.0,SHORT
SL,277.0,1.10160460607724,-1.2286488518894723,-1.0,-0.11706368312976555,-0.15345115124292466,0.605279541013752,-1.0,-1.0,SHORT
SL,141.0,1.14449591208062,-1.239566636878475,-1.0,-0.018965515432814724,0.26138370628567287,-1.0,-1.0,-1.0,SHORT
SL,81.0,0.4696895750369606,-1.851533349981877,-1.0,-0.3901453728129568,-1.0,-1.0,-1.0,-1.0,SHORT
SL,195.0,1.197097667255267,-1.0091578750405596,-1.0,-0.08548789411329845,0.12035092593137917,-1.0,-1.0,-1.0,SHORT
SL,30.0,0.1349435869726982,-1.109499589475552,-1.0,-1.0,-1.0,-1.0,-1.0,-1.0,SHORT
TP,52.0,2.0093347984797725,-0.23565968846047936,2.0000000000000036,2.0000000000000036,2.0000000000000036,2.0000000000000036,2.0000000000000036,2.0000000000000036,SHORT
SL,412.0,0.20106427686424516,-1.0011683472634891,-1.0,0.019905936242259375,-0.11800353570950045,-0.494497826219544,-1.0,-1.0,SHORT
SL,90.0,0.06680961246292459,-1.0177385682312996,-1.0,-0.29891966657245167,-1.0,-1.0,-1.0,-1.0,SHORT
SL,72.0,0.9365724100897083,-1.808454276193913,-1.0,0.6146911203804666,-1.0,-1.0,-1.0,-1.0,SHORT
SL,261.0,0.8424674614685038,-1.1449647298095913,-1.0,0.3474109901778816,-0.33232802388940474,-0.3105415170282745,-1.0,-1.0,SHORT
SL,600.0,0.6409182551417253,-1.0547847517354787,-1.0,-0.5928801796442327,0.19215230198995162,0.1909205564643854,-0.5128167204817575,-1.0,LONG
SL,368.0,0.4243959123729758,-1.0081483290977389,-1.0,-0.06990050321436381,0.08321488477901264,-0.3037343294433848,-1.0,-1.0,LONG
SL,186.0,0.0150099963031198,-1.0056697523092542,-1.0,-0.4866877589194587,-0.47122291424350704,-1.0,-1.0,-1.0,LONG
SL,240.0,0.5307237491592557,-1.334076128670362,-1.0,-0.281649430620861,-0.6725507756106848,-1.0,-1.0,-1.0,LONG
SL,75.0,0.5565789411645643,-1.3278889751896679,-1.0,-0.28968439885906533,-1.0,-1.0,-1.0,-1.0,LONG
SL,281.0,0.15687622451185615,-1.027923233339938,-1.0,-0.26694555686166727,-0.31777491631889276,-0.5817950424204348,-1.0,-1.0,SHORT
SL,189.0,0.1798212720972096,-1.0432125531367211,-1.0,-0.5539990230431507,-0.4456079098390519,-1.0,-1.0,-1.0,SHORT
SL,216.0,0.45140134668793375,-1.1321306989700066,-1.0,-0.1527509914238612,-0.5908521198611714,-1.0,-1.0,-1.0,SHORT
TP,518.0,3.1800951666560473,-0.5556645663075525,1.9999999999999882,-0.36717240394486733,0.0635192766318123,0.5344914740969444,0.9884219144169603,1.9999999999999882,SHORT
TP,428.0,3.113928832684821,-0.168658633335704,2.0,0.16665675044744815,0.7351914907126353,0.6536147630161295,2.0,2.0,SHORT
TIMEOUT,720.0,0.39986689158940525,-0.9395759150240846,-0.7611566433594257,-0.03635153559903761,0.13390718725768158,-0.22367322414509358,-0.6673103320680355,-0.7611566433594257,SHORT
SL,34.0,0.26379182738576806,-1.0665689209428157,-1.0,-1.0,-1.0,-1.0,-1.0,-1.0,SHORT
TP,422.0,3.810729926934081,-0.5793159861029524,2.0,-0.008636591535945735,-0.11294004316227549,0.31556776765929073,2.0,2.0,SHORT
TP,330.0,2.098424024455734,-0.4963537291215298,2.0,-0.36118597253040485,-0.041362810760140076,0.6034538641254175,2.0,2.0,SHORT
TP,182.0,3.420982278367563,-0.9973818173445614,2.0,-0.5887167581030092,-0.6469907519253855,2.0,2.0,2.0,SHORT
TP,47.0,3.201345964746985,-0.10514684693596092,2.0,2.0,2.0,2.0,2.0,2.0,SHORT
TP,127.0,2.0366993782332297,-0.2817142091666064,2.0,-0.059308254561388135,0.6591303745572804,2.0,2.0,2.0,SHORT
TIMEOUT,720.0,1.979978783952728,-0.903441239610325,1.0249123306503738,-0.16398597290406028,0.024294218208009782,-0.38263393677613683,-0.2429421820800863,1.0249123306503738,SHORT
SL,37.0,0.19678643948780036,-1.0677486438875348,-1.0,-1.0,-1.0,-1.0,-1.0,-1.0,SHORT
SL,576.0,1.054713236117102,-1.1020740668083202,-1.0,0.3056643086058763,0.012151792085251807,0.33526482778788663,0.31656976304135304,-1.0,SHORT
SL,545.0,0.6840660517222289,-1.0073486848612772,-1.0,-0.3158471325768496,-0.39569794296219546,0.17877529612589285,-0.2747902381681911,-1.0,SHORT
SL,395.0,0.9836405924826307,-1.0965564891136257,-1.0,0.06560254557785795,-0.057253130686137486,0.7486642019582804,-1.0,-1.0,SHORT
SL,186.0,0.76686796340145,-1.0262932689267823,-1.0,0.4140664485583547,-0.16182392836515058,-1.0,-1.0,-1.0,SHORT
SL,77.0,0.6326190437700888,-1.124019960122412,-1.0,-0.50316909363714,-1.0,-1.0,-1.0,-1.0,SHORT
TP,289.0,2.130124923413456,-0.09391477660466283,2.0,0.3714891452952738,1.186444590928391,0.9061506823747089,2.0,2.0,SHORT
TP,246.0,2.0018550386660947,-0.23296097361731694,2.0000000000000044,0.08458818839854132,0.43216517599438603,1.3638128101657545,2.0000000000000044,2.0000000000000044,SHORT
SL,291.0,0.17511278708141814,-1.0401764169900938,-1.0,0.0022616042612007606,-0.10096447594639038,-0.5061147250240645,-1.0,-1.0,SHORT
SL,177.0,0.33874940218249344,-1.124467070521545,-1.0,0.10091148087614385,-0.39494665791178885,-1.0,-1.0,-1.0,SHORT
SL,31.0,1.0832065939880962,-1.058506906286453,-1.0,-1.0,-1.0,-1.0,-1.0,-1.0,SHORT
TIMEOUT,720.0,0.206489237309213,-0.9856017249157124,-0.7122944671828526,-0.19111390787839258,-0.0931141445903753,-0.2748878990762135,0.09038394590640074,-0.7122944671828526,SHORT
SL,414.0,0.09083140696127746,-1.082364346570955,-1.0,-0.1844310091823247,-0.3489656149350386,-0.45640619345495026,-1.0,-1.0,SHORT
TIMEOUT,720.0,1.320115548281615,-0.7431135541422792,1.2099162941896544,-0.06989038238871212,-0.2600572367951969,-0.3816339949969517,-0.21844807890796628,1.2099162941896544,SHORT
TIMEOUT,720.0,1.538741283430759,-0.6966423114273365,1.0608122558236344,-0.320849921997117,-0.0535336862168625,-0.31979333608494304,0.8111057852462953,1.0608122558236344,SHORT
TIMEOUT,720.0,1.6375581134708292,-0.8341615883601741,0.9373608511591629,-0.46926457235014124,-0.4081238770314944,-0.34036285164649416,0.5829784770192243,0.9373608511591629,SHORT
TP,161.0,2.0305418658619696,-0.18362365069542821,2.0,0.10579977657798606,0.22278991414017116,2.0,2.0,2.0,SHORT
TP,116.0,2.083294346026196,-0.14032552589814526,2.0,0.24718881100517745,2.0,2.0,2.0,2.0,SHORT
TP,282.0,2.206393687100803,-0.5362007646813198,2.0000000000000115,-0.3902465024804251,1.4279709553626823,1.186266556611546,2.0000000000000115,2.0000000000000115,SHORT
TP,222.0,2.1924488874466674,-0.5547222297394055,2.000000000000012,1.4127271738690408,0.7885350574146115,2.000000000000012,2.000000000000012,2.000000000000012,SHORT
SL,170.0,0.13045864868703458,-1.336385782487686,-1.0,-0.25194826527680736,-0.27803999501420684,-1.0,-1.0,-1.0,SHORT
SL,446.0,1.2375110112558365,-1.0025558375370227,-1.0,-0.17795064505019625,-0.4183348214993568,-0.011762839249083605,-1.0,-1.0,LONG
SL,291.0,1.502850104379896,-1.0236002093426164,-1.0,0.2794470124964512,0.757658071056042,0.0626764674868172,-1.0,-1.0,LONG
TIMEOUT,720.0,0.4235223758389842,-0.6333758053087503,-0.6295602884092979,0.02980872577695555,0.2620783170309934,-0.16072864938934453,0.06319449864714793,-0.6295602884092979,LONG
TIMEOUT,720.0,0.49250289167005656,-0.9122800577514946,-0.44357345129242015,0.3812753113580381,-0.11309919824996557,0.12887426372690886,-0.12887426372691493,-0.44357345129242015,LONG
SL,624.0,0.2723936757046461,-1.1493822632490638,-1.0,-0.14484200654013826,-0.39541017440997556,-0.28429849816000224,-0.22335714511474125,-1.0,LONG
TIMEOUT,720.0,0.6563438444177637,-0.9264706593667644,-0.6286880038396472,-0.02476162470365821,0.27913104211397394,0.5109898916118711,-0.1704371570511565,-0.6286880038396472,LONG
SL,459.0,0.4141658280230809,-1.1656002456415053,-1.0,0.07858358137571259,0.0988196967514378,-0.3079262223005523,-1.0,-1.0,LONG
SL,258.0,0.11337476951773386,-1.0787524711575167,-1.0,-0.1988288868407895,-0.792354266069816,-0.2753991602837421,-1.0,-1.0,LONG
SL,120.0,0.41083976847645604,-1.001824043935869,-1.0,-0.37315647875042035,-1.0,-1.0,-1.0,-1.0,LONG
TIMEOUT,720.0,0.5975296886023502,-0.8257453026803677,0.21761214309656138,0.09109345524972298,-0.1896575377818349,-0.4043778251561854,0.03904005224987893,0.21761214309656138,LONG
TIMEOUT,720.0,0.6373672738281084,-0.4282838295035463,0.0989700735757937,-0.020820371033723594,-0.2908987051472239,-0.03284340219403797,0.10762079111797632,0.0989700735757937,LONG
TIMEOUT,720.0,1.5113142674929732,-0.4619364067243829,1.2418189333256302,-0.005448281123955803,0.005448281123964651,0.10507399310495925,-0.030354709119208876,1.2418189333256302,LONG
TP,396.0,2.0015793520026257,-0.5084606800726369,1.9999999999999887,-0.22884482157721056,-0.18207544274120416,-0.0592745603429463,1.9999999999999887,1.9999999999999887,LONG
TP,342.0,2.0246675842724393,-0.33692664711415876,2.0,-0.04816937460663856,-0.20614420530581637,0.5314169714667498,2.0,2.0,LONG
TP,312.0,2.0124699899424514,-0.41757686364404617,1.9999999999999878,-0.08207637141184594,-0.29206397099800513,0.5172410289298557,1.9999999999999878,1.9999999999999878,LONG
TP,160.0,2.180119947375445,-0.16968902857535126,2.0,0.5771521897840569,0.6148608628007981,2.0,2.0,2.0,LONG
TP,529.0,2.065735822387805,-0.23584947218719782,2.0,0.059964967017633736,0.25857504885948773,0.5687123305048462,1.3992462208223568,2.0,LONG
SL,415.0,0.29506386491779213,-1.0352579817481915,-1.0,-0.018808320503353536,0.006269440167780468,-0.09657605705266253,-1.0,-1.0,LONG
SL,290.0,0.15039823808122096,-1.1890633208222083,-1.0,-0.22581574759339654,-0.18432155799692632,-0.28696507963028955,-1.0,-1.0,LONG
SL,215.0,0.18813259910537294,-1.2341690964329404,-1.0,-0.2054542706342552,0.01684051398641735,-1.0,-1.0,-1.0,LONG
SL,125.0,0.35063565963729515,-1.331960135635175,-1.0,0.12029383561149892,-0.5339224817204238,-1.0,-1.0,-1.0,LONG
SL,384.0,0.46471089590886805,-1.3334790967423658,-1.0,-0.06299334375216994,0.10870851321802975,-0.38965882635271,-1.0,-1.0,LONG
SL,179.0,0.4844847618335893,-1.0033196829446287,-1.0,0.3751121687967764,0.06638220964662178,-1.0,-1.0,-1.0,LONG
SL,145.0,0.8609242428913222,-1.0729525985915376,-1.0,0.10582851379082146,0.6592930745109062,-1.0,-1.0,-1.0,LONG
SL,203.0,0.24349288021937626,-1.0912020067363437,-1.0,-0.04442224385531949,-0.08755421506752718,-1.0,-1.0,-1.0,LONG
TIMEOUT,720.0,0.6390091969711632,-0.9767050510641002,0.1829048063794322,0.09360227885239804,-0.38367011826425323,0.13593829190225362,-0.7994229964178535,0.1829048063794322,LONG
TIMEOUT,720.0,0.984294851588657,-0.8106150729060552,0.8825165313776916,0.14347459978127983,-0.1454445027530883,0.2744731474076482,-0.08109433900679736,0.8825165313776916,LONG
SL,255.0,0.4480064686888421,-1.0376299634350898,-1.0,-0.2506822712438554,-0.5174726402383211,-0.5238487622646059,-1.0,-1.0,LONG
TIMEOUT,720.0,1.3052840070669507,-0.7027722470808674,0.8586978626573261,-0.21253958147539742,0.41400939308230145,-0.1919814374338892,0.06388838609826067,0.8586978626573261,LONG
TIMEOUT,720.0,1.5320399854510425,-0.5885010800882333,1.0888271969850438,0.30594040258843164,0.4589106038826474,0.1700040010016427,0.3233081983685606,1.0888271969850438,LONG
TIMEOUT,720.0,1.6995799882521148,-0.9321053444165285,1.5284190511136801,0.20381211992588066,-0.9052970048647344,-0.06117800564386482,0.11651316805206216,1.5284190511136801,LONG
TIMEOUT,720.0,1.8422245793772203,-0.18365888374573736,1.2620746758483103,0.1438771760751594,0.040444736131723086,0.16078440183515202,1.0598509951896649,1.2620746758483103,LONG
TIMEOUT,720.0,1.7501773181602511,-0.4387980382206922,0.7289420471666324,0.10710254157387539,0.17516101280810845,-0.05587958690810252,1.1243975852855241,0.7289420471666324,LONG
TIMEOUT,720.0,1.8459222732355716,-0.40117553786854043,1.0843874071258326,0.22908557295334037,0.11803606567900943,0.25813494737278336,1.4844598041936274,1.0843874071258326,LONG
TP,308.0,2.1203325995640054,-0.448022705874193,2.0,0.0012608518926933683,0.3055464419986192,0.7346563694822397,2.0,2.0,LONG
TP,263.0,2.0626152064310816,-0.04192307330145213,1.9999999999999818,0.4703369557057237,0.9163186021601449,1.010545700247207,1.9999999999999818,1.9999999999999818,LONG
TP,583.0,2.4183473827582325,-0.06708314515279062,2.0,0.5387615095083765,1.1454447034839528,1.5546518889160081,0.5622406103118522,2.0,LONG
TIMEOUT,720.0,0.8696011520412672,-0.16826846516604058,0.18830654193389784,0.23197927335103227,0.22581371126861824,0.15696493468160316,0.5222744880649615,0.18830654193389784,LONG
SL,312.0,0.22320539738912515,-1.0160098509276874,-1.0,-0.14195980596103083,0.014665269210849853,-0.45374342938370194,-1.0,-1.0,LONG
SL,158.0,0.052478970880788574,-1.006382441584785,-1.0,-0.2645368532154344,-0.40483777536614357,-1.0,-1.0,-1.0,LONG
SL,129.0,0.20461188015882661,-1.0288464034653244,-1.0,-0.1397147787751276,-0.6171424991457481,-1.0,-1.0,-1.0,LONG
SL,221.0,0.3116018893120339,-1.0379968550394405,-1.0,-0.05501839705509669,-0.03600282203605469,-1.0,-1.0,-1.0,LONG
SL,114.0,0.39158477647873063,-1.0215642273414445,-1.0,-0.19267514778977496,-1.0,-1.0,-1.0,-1.0,LONG
TP,504.0,2.038118087377159,-0.7097656848146837,2.0000000000000204,-0.0750885611139085,-0.274430812642466,-0.40717666175452233,0.49299216017038583,2.0000000000000204,SHORT
SL,166.0,1.6202547409555947,-1.0289863954868699,-1.0,0.7368420021945851,0.18445977050878173,-1.0,-1.0,-1.0,SHORT
SL,128.0,0.3636475485411311,-1.0063836373482107,-1.0,-0.309319481048247,-0.8346368433384147,-1.0,-1.0,-1.0,SHORT
SL,424.0,0.3175618198529951,-1.0197793478136277,-1.0,-0.25667590702403387,-0.522425008901013,-0.40184702467111366,-1.0,-1.0,SHORT
TP,226.0,2.2258055742788714,-0.1547236323745458,2.0,0.2036322954909599,0.37035239240350304,2.0,2.0,2.0,LONG
TP,151.0,2.3712594232043775,-0.03251449901623002,1.9999999999999851,0.44666382486953293,0.3744093826112191,1.9999999999999851,1.9999999999999851,1.9999999999999851,LONG
TP,121.0,2.1973776383999417,-0.27428161389413414,1.9999999999999842,0.42669886515934935,1.083933162756293,1.9999999999999842,1.9999999999999842,1.9999999999999842,LONG
SL,93.0,0.15867784093989787,-1.104731423169601,-1.0,-0.24209039791319903,-1.0,-1.0,-1.0,-1.0,LONG
TIMEOUT,720.0,1.784945871742429,-0.29113116063253636,0.8966374867385446,0.10905312271199197,0.026730605567061794,0.3321955691848376,1.6034489339429026,0.8966374867385446,LONG
TP,422.0,2.001949457233606,-0.17209631157838162,2.0,0.10847282669182462,0.4887535248826004,0.021068760568984816,2.0,2.0,LONG
TIMEOUT,720.0,1.6802169013700987,-0.9083476262605121,1.1144475303926664,-0.019604625027210394,0.0666054568232,0.1741795531263205,-0.621315808554515,1.1144475303926664,LONG
SL,323.0,0.30099151084713816,-1.0631378005376957,-1.0,0.1440026499642616,-0.2672273624587105,-0.40026387875835634,-1.0,-1.0,LONG
SL,107.0,0.1690119829050849,-1.042129222655771,-1.0,-0.13627843680882995,-1.0,-1.0,-1.0,-1.0,LONG
TIMEOUT,720.0,1.2268225156524806,-0.37553805792375056,0.09437096274250532,0.05350930877151962,-0.10993730711238778,0.16422493310241038,0.3169696872320191,0.09437096274250532,LONG
TIMEOUT,720.0,1.5758361039982052,-0.3311455736542813,0.908450409402637,0.31123052516878624,0.6210716283502131,0.6655331319457556,0.5738312807799519,0.908450409402637,LONG
SL,531.0,0.17381936304748177,-1.0179105857061659,-1.0,-0.4580292689426766,-0.24456689327032372,-0.22352560195404728,-0.7221127222744825,-1.0,SHORT
SL,276.0,0.33403120292274613,-1.1164065093240199,-1.0,0.18012941905759308,0.25089454797309296,-0.44537493723032817,-1.0,-1.0,SHORT
SL,103.0,0.26685848464616896,-1.300238556280654,-1.0,-0.14550288606000047,-1.0,-1.0,-1.0,-1.0,SHORT
TP,279.0,5.136666013884569,-0.35695400252451437,2.0,0.624001884712431,0.7285956385693609,0.7633118632537788,2.0,2.0,SHORT
SL,1.0,-1.9012532432303997,-1.988924384486823,-1.0,-1.0,-1.0,-1.0,-1.0,-1.0,SHORT
TP,538.0,2.1318160203072116,-0.39518731581389965,2.0,-0.19320268773123964,-0.2790095632482405,0.061839496641251365,0.021223022515937395,2.0,SHORT
TP,462.0,2.321801138743135,-0.20981819522588216,2.0000000000000098,-0.003881528791431076,0.4028164323555532,0.7101041283441262,2.0000000000000098,2.0000000000000098,SHORT
TP,370.0,2.2828461644313887,-0.09181858029349098,2.000000000000012,0.35089732293446635,0.25102448121172927,0.4384202971323594,2.000000000000012,2.000000000000012,SHORT
SL,1.0,-1.7285322023644687,-1.903833597253684,-1.0,-1.0,-1.0,-1.0,-1.0,-1.0,SHORT
SL,433.0,1.589372222691141,-1.0140040344791017,-1.0,0.2020851279710392,0.16196944087147397,0.2506759602324805,-1.0,-1.0,SHORT
SL,188.0,0.24067978094366804,-1.01649168977573,-1.0,-0.42067091022696806,-0.7042304222583012,-1.0,-1.0,-1.0,SHORT
SL,545.0,0.5577726503896518,-1.119469508744929,-1.0,-0.3103691754646499,-0.13966612895909408,-0.5347625218638082,-0.5540268155133455,-1.0,SHORT
SL,170.0,0.22473363151267522,-1.2203310628408943,-1.0,-0.09818755678029578,-0.4031178573402395,-1.0,-1.0,-1.0,SHORT
SL,251.0,0.6491725788570473,-1.081352543757977,-1.0,0.13358946283486953,0.12600735818748338,0.13142314722133297,-1.0,-1.0,SHORT
SL,206.0,0.4961726422215785,-1.379344293242182,-1.0,0.008999976948814948,-0.1353909575778156,-1.0,-1.0,-1.0,SHORT
TIMEOUT,720.0,1.242342620594802,-0.754279448218263,0.6625827309839014,-0.6007942620230835,-0.375003420661017,0.21001506205294057,0.7874743171812528,0.6625827309839014,LONG
TP,503.0,2.134325133790214,-0.7515514660555995,2.0,0.34032519217610246,0.3925894181174517,0.5424945622902578,0.3249295287205302,2.0,LONG
SL,202.0,0.5830167501191204,-1.2213941411990956,-1.0,-0.21668500876087918,-0.4329375125142618,-1.0,-1.0,-1.0,LONG
SL,99.0,0.865055288005513,-1.0291559048717793,-1.0,0.16744203214184644,-1.0,-1.0,-1.0,-1.0,LONG
SL,38.0,0.6396839290748533,-1.0954344244400525,-1.0,-1.0,-1.0,-1.0,-1.0,-1.0,LONG
SL,48.0,0.2964844198025407,-1.095462451459058,-1.0,-1.0,-1.0,-1.0,-1.0,-1.0,LONG
SL,701.0,0.57825313589118,-1.0242445789118366,-1.0,0.08462241013042388,0.291790606783023,0.18616930228691544,0.061116185094197396,-1.0,LONG
SL,157.0,0.5669749795861595,-1.025614293819785,-1.0,-0.24031820182264485,-0.12373362794072412,-1.0,-1.0,-1.0,LONG
SL,244.0,0.8006998596274107,-1.069450714037702,-1.0,-0.029429329098635344,-0.8406793255727347,-0.7218514684574402,-1.0,-1.0,LONG
SL,82.0,0.338903527490242,-1.0959862614157831,-1.0,-0.3329578515693436,-1.0,-1.0,-1.0,-1.0,LONG
TIMEOUT,720.0,1.7706748427227386,-0.15128617210321177,1.0442326612922503,0.09936547398493759,1.277428210599266,1.1364366596746758,1.3709749856571523,1.0442326612922503,LONG
TIMEOUT,720.0,1.3948372157379483,-0.42584137301520153,0.9684790449399501,0.8599515105550097,0.2501301268681665,0.5571080098427281,0.8558171282927064,0.9684790449399501,LONG
TIMEOUT,720.0,0.5983152343593905,-0.5480502688711882,-0.21943630094842428,-0.1599831159624021,0.11566346897280944,0.23078645444575868,0.04540061398933764,-0.21943630094842428,LONG
TP,91.0,2.4100180417428096,-0.18355640523895028,2.0000000000000235,0.4079605738972451,2.0000000000000235,2.0000000000000235,2.0000000000000235,2.0000000000000235,LONG
TP,159.0,2.362794338097537,-0.10526814469525553,2.000000000000015,0.4502590737276772,0.40795505296229584,2.000000000000015,2.000000000000015,2.000000000000015,LONG
TIMEOUT,720.0,1.635284404674481,-0.7274743370596448,1.1786743349087416,0.008295443605539462,0.4551673839213156,0.4241496382658181,-0.07321630660539853,1.1786743349087416,LONG
SL,356.0,0.14866656140951812,-1.1156599508443164,-1.0,-0.3531656758817237,-0.47474188610105755,-0.5454410953046909,-1.0,-1.0,LONG
SL,208.0,0.5266570003370328,-1.010835010043916,-1.0,-0.2020845185318334,-0.09196907680122118,-1.0,-1.0,-1.0,LONG
SL,70.0,0.30348188170337626,-1.0944718925260188,-1.0,0.015681434616898665,-1.0,-1.0,-1.0,-1.0,LONG
SL,2.0,-0.8272439431013581,-1.0547279834641246,-1.0,-1.0,-1.0,-1.0,-1.0,-1.0,LONG
SL,504.0,0.9102337832537278,-1.4209332698676667,-1.0,-0.42837120730635103,0.32336963182581235,-0.29607362478264815,-0.5243474901355158,-1.0,LONG
SL,443.0,0.7671412659436005,-1.1033776505912172,-1.0,0.1869430772895217,0.09379798173665888,-0.768882295767017,-1.0,-1.0,LONG
SL,159.0,0.32228965411789307,-1.4753758259882963,-1.0,-0.04259870805938843,-0.5075331788789971,-1.0,-1.0,-1.0,LONG
SL,114.0,0.2632995429515094,-1.2938148149424482,-1.0,-0.14410312823697338,-1.0,-1.0,-1.0,-1.0,LONG
SL,309.0,0.3895521137665171,-1.0608474148728981,-1.0,0.12239818360562577,0.11690352830444514,-0.1347137903151632,-1.0,-1.0,LONG
TIMEOUT,720.0,0.8433940589783078,-0.8845471818096703,0.23663045628028956,-0.6991131700040949,-0.026455578963012354,0.15113974277944367,-0.124929122880909,0.23663045628028956,LONG
TP,180.0,2.440584355616744,-0.2646337948926239,2.0000000000000147,0.3591692296565051,0.445199746413941,2.0000000000000147,2.0000000000000147,2.0000000000000147,LONG
TP,121.0,2.021716930227619,-0.6238074123171339,2.0,-0.1509701750437192,1.6684399658076234,2.0,2.0,2.0,LONG
TP,91.0,2.1262305676529376,-0.09342874284189272,1.9999999999999905,0.6178754193277123,1.9999999999999905,1.9999999999999905,1.9999999999999905,1.9999999999999905,LONG
TP,130.0,2.3154202145501457,-0.34974963568638545,1.9999999999999902,1.3862764536545842,1.3295661243170245,1.9999999999999902,1.9999999999999902,1.9999999999999902,LONG
TP,495.0,2.1290910436121364,-0.6887472332827411,2.0,0.37505670334616426,-0.12328853570201946,0.5385762349088548,1.200441005519729,2.0,LONG
TP,541.0,2.0386245163327295,-0.9831537695478701,2.0,-0.45443631374852145,-0.2914106341994446,0.19248815175673448,1.0917185156221707,2.0,LONG
TP,422.0,2.0431686318410476,-0.8879866333840096,1.9999999999999922,0.14184655281407324,-0.2399825971470614,0.661780499999465,1.9999999999999922,1.9999999999999922,LONG
SL,696.0,1.4736219220876197,-1.076726871981953,-1.0,0.3326764089512301,0.5364045119239272,0.24835750345668067,-0.24835750345668067,-1.0,LONG
SL,281.0,0.93866872698952,-1.0825510012198614,-1.0,0.06249778976114427,-0.03536962827142492,0.3461416048309625,-1.0,-1.0,LONG
SL,181.0,0.20528950419060288,-1.2457381693621163,-1.0,-0.3923957042013472,-0.5365893063476311,-1.0,-1.0,-1.0,LONG
SL,46.0,0.1975479676245229,-1.3245648544881978,-1.0,-1.0,-1.0,-1.0,-1.0,-1.0,LONG
TIMEOUT,720.0,1.016345613426133,-0.7093583051338676,0.7464005142792406,0.2748840603662779,-0.3866280579548193,-0.14245816267157538,0.6337304614620657,0.7464005142792406,LONG
TIMEOUT,720.0,1.3301965829439146,-0.8963841421320111,0.9408155839283887,-0.5585436156002841,-0.7441862578695092,-0.09144798566090574,0.5312384750054184,0.9408155839283887,LONG
TIMEOUT,720.0,1.653329013581812,-0.6262634962902224,1.2232484297586286,-0.26532663709707105,0.1207533946888124,0.34472612949519277,0.7033471701600675,1.2232484297586286,LONG
TIMEOUT,720.0,1.7364477981463413,-0.18534545345449216,1.5918003399609053,0.2224823741374979,0.38832670485889975,0.9048520948153214,0.5177124148184308,1.5918003399609053,LONG
TP,535.0,2.0742126980948994,-0.4753885132430296,1.9999999999999882,-0.35634897188049375,0.5000173838697604,1.2804447218542516,0.9333315764587848,1.9999999999999882,LONG
TP,435.0,2.010884629856133,-0.4953402595567283,2.0,0.10852653589625409,0.3318670392394401,-0.218146538149157,2.0,2.0,LONG
TP,231.0,2.0384777481348606,-0.14862479902789233,2.00000000000001,0.6465406012757696,0.5556385835217066,2.00000000000001,2.00000000000001,2.00000000000001,LONG
SL,677.0,1.5968974120737367,-1.166587139473391,-1.0,0.13293556397026257,-0.10739857053253371,1.3505966903191222,0.20883055381326,-1.0,LONG
SL,286.0,0.23801227276447381,-1.0255037804481317,-1.0,-0.16718096513816655,-0.05342159228380445,-0.06796943661109493,-1.0,-1.0,LONG
SL,205.0,0.3946369503261474,-1.201478560380059,-1.0,0.09573128601460647,-0.17338565365942207,-1.0,-1.0,-1.0,LONG
SL,40.0,0.3990887472582098,-1.029107635426324,-1.0,-1.0,-1.0,-1.0,-1.0,-1.0,LONG
TIMEOUT,720.0,1.6808852428092877,-0.9470758551876061,1.3579958246253678,-0.49961490221050736,-0.007474292087587699,0.06909567796528068,1.4684492521419876,1.3579958246253678,LONG
TIMEOUT,720.0,1.707089210044493,-0.36932855194038583,-0.19252761358434506,0.1819328007989663,0.00248315924657515,0.9551885901819998,0.7805397231729838,-0.19252761358434506,LONG
SL,664.0,1.9245528756572716,-1.0583633685330662,-1.0,0.419324973743587,1.011526015281747,1.5836251884716912,1.216565072433448,-1.0,LONG
TIMEOUT,720.0,0.9017177994525564,-0.49303278344232165,0.25103502211930806,-0.2664318368092935,-0.2578966460572334,-0.29354361919817695,0.332370369285966,0.25103502211930806,SHORT
TP,86.0,2.051459258059992,-0.02777873064400805,2.0,0.8728077168347224,2.0,2.0,2.0,2.0,SHORT
TP,624.0,2.0897944224384877,-0.14824962527562277,1.9999999999999867,1.2793825929298064,0.3601181842325261,1.023155878378622,0.3767524925803732,1.9999999999999867,SHORT
TP,569.0,2.0196471791904362,-0.6483915471196651,2.0,0.16696262513825544,0.26978277414426777,-0.2157301257182124,0.5085753631909313,2.0,SHORT
TP,237.0,2.0961507490262177,-0.4267354192102463,2.0000000000000115,-0.19802754747664972,0.7520482788933986,2.0000000000000115,2.0000000000000115,2.0000000000000115,SHORT
TP,442.0,2.190679790253276,-0.32953229746098756,1.999999999999989,0.14371133626270102,0.5503630049719901,0.8015518141807304,1.999999999999989,1.999999999999989,SHORT
SL,227.0,1.5489192212835199,-1.0733684567958388,-1.0,1.0033260961348565,0.6752329330387098,-1.0,-1.0,-1.0,SHORT
TP,310.0,2.011789747188057,-0.4506964742862629,1.9999999999999907,-0.3138122323226141,0.769207717900176,0.6554099227154723,1.9999999999999907,1.9999999999999907,LONG
TP,257.0,2.0749190771484023,-0.022322387612768464,1.9999999999999902,0.5510440827836665,1.0619078678643692,1.4235305471911601,1.9999999999999902,1.9999999999999902,LONG
TP,233.0,2.1312488081651275,-0.15650351110339455,2.00000000000001,0.8932260051327273,0.9801476995097519,2.00000000000001,2.00000000000001,2.00000000000001,LONG
TP,696.0,2.1039800907973887,-0.07267004961379774,2.0,0.3606658662890619,0.6605496594182962,0.4323772081243187,0.251756662646222,2.0,LONG
TP,664.0,2.0053227802291698,-0.1836164333735404,2.0,0.6817973527177386,0.6444131294999448,0.4087479433591012,-0.0322206564749963,2.0,LONG
TP,458.0,2.1554992337411227,-0.7203733748729068,2.00000000000001,-0.030127975103926376,0.1609823147343918,-0.34242467226324586,2.00000000000001,2.00000000000001,LONG
TP,382.0,2.0167200129861707,-0.7246616590867507,1.9999999999999891,-0.3929234061802881,-0.5592705416434652,-0.20195880670458347,1.9999999999999891,1.9999999999999891,LONG
TP,152.0,2.419341212856758,-0.421078452176178,2.0,0.0984996237952733,-0.18003707672550792,2.0,2.0,2.0,LONG
SL,2.0,-0.7546286969766236,-1.0106795332267544,-1.0,-1.0,-1.0,-1.0,-1.0,-1.0,LONG
TIMEOUT,720.0,1.8869989218271837,-0.08145436522420502,1.5277182447561044,0.287293953496179,1.3690536295298081,1.7774681020567642,0.8839186126033066,1.5277182447561044,LONG
TP,199.0,2.1014436296908423,-0.27652834031895146,2.0,-0.051813281157067397,0.3541051314436118,2.0,2.0,2.0,LONG
TP,608.0,2.214549830425787,-0.9499963027286604,2.000000000000017,-0.4323069135581448,-0.2782836242181442,0.17987985602870774,1.1806591998078466,2.000000000000017,LONG
TP,429.0,2.095993442868927,-0.5133504846886036,1.9999999999999813,-0.3012120315025605,0.3698089251486115,0.46174923931900086,1.9999999999999813,1.9999999999999813,LONG
TP,390.0,2.005609186368563,-0.34767941232277993,2.0000000000000173,0.3085844565703367,0.5797819894356528,0.8471838955288896,2.0000000000000173,2.0000000000000173,LONG
SL,472.0,1.253458786180461,-1.3322191269776567,-1.0,0.5110823861336641,0.9024765687851635,-0.38589127674427776,-1.0,-1.0,LONG
SL,192.0,1.2396379448924697,-1.0044336534239275,-1.0,0.540210006776374,0.3613769917754941,-1.0,-1.0,-1.0,LONG
SL,132.0,0.16819759487837502,-1.038163432058248,-1.0,-0.1948656280238745,-0.2372824996411506,-1.0,-1.0,-1.0,LONG
TP,508.0,2.115883380458629,-0.1135946269317425,2.0,0.49855419597822104,0.6833289185971739,1.0939720273245892,0.991531394768577,2.0,LONG
TP,478.0,2.1410817787465617,-0.07619508109418369,1.9999999999999862,0.7535693520214739,1.1720327373907313,0.9557910972454441,1.9999999999999862,1.9999999999999862,LONG
TIMEOUT,720.0,1.881860907244017,-0.33985546770698155,0.8758763756753687,0.03179392658839841,0.6508494583652927,0.10865497241858262,1.2606446231747026,0.8758763756753687,LONG
TP,632.0,2.012527483237581,-0.28408041130294254,1.999999999999985,0.002329892066930618,0.2299936311779091,0.8762058380257958,0.25695381080946994,1.999999999999985,LONG
TP,316.0,2.000895798733518,-0.289437757049511,2.0,0.08898862716739096,1.4905145613027562,1.2386497801683698,2.0,2.0,LONG
TP,527.0,2.0114298128921173,-0.49933564255310675,2.0000000000000173,1.2691844181858583,0.9790633662411728,1.3670336443666677,1.572440872088662,2.0000000000000173,LONG
TIMEOUT,720.0,1.663556369249114,-0.42212742869696535,1.3556761206167587,0.1999937252737031,0.4940517776027372,0.6540467578216952,1.420872851852771,1.3556761206167587,LONG
TIMEOUT,720.0,0.7590550917605476,-0.40468288375287753,0.6710403233878902,0.04568440671116898,0.262772081133625,0.04464349617851822,0.26809229052277445,0.6710403233878902,LONG
TIMEOUT,720.0,0.6854244102833605,-0.40866860812649997,0.13576699728449723,0.024119777905860076,0.02859561298116907,-0.14782688623742726,-0.18388222434411133,0.13576699728449723,LONG
SL,646.0,1.0577978944894333,-1.0448153162753144,-1.0,0.5561341384982443,0.6838431959306024,0.17611149577412782,0.4422543491635403,-1.0,LONG
SL,492.0,0.5075519006809159,-1.1540500060818053,-1.0,-0.03805532995515059,0.1830490871098553,-0.17080648096149362,-0.09410581593560921,-1.0,LONG
SL,237.0,0.08606924603289098,-1.5710922486729646,-1.0,-0.47633743033472187,-0.8606924603289398,-1.0,-1.0,-1.0,LONG
SL,163.0,0.5598775093346161,-1.0769958771448487,-1.0,-0.11808872288172795,0.4259211362778199,-1.0,-1.0,-1.0,LONG
SL,87.0,0.3971852855741627,-1.1491292466725143,-1.0,0.08647806899546477,-1.0,-1.0,-1.0,-1.0,LONG
TIMEOUT,720.0,1.3857088894281422,-0.11681458995421112,1.0588065507788276,0.013500062449340619,0.18174877462789388,0.8229459555895348,1.1367945148456748,1.0588065507788276,LONG
SL,116.0,0.27580730984134905,-1.0516544505293939,-1.0,-0.3569656069944857,-1.0,-1.0,-1.0,-1.0,LONG
TIMEOUT,720.0,0.5262800322078666,-0.53569921100463,0.18254633837106998,0.2612163809975584,0.171535185693165,-0.10334563778420101,-0.2701049018339292,0.18254633837106998,LONG
TIMEOUT,720.0,0.2711238663690256,-0.863401251395764,-0.04946274404745608,0.0004251811809201086,-0.4319840798184911,-0.28756420536474064,-0.5001547958265995,-0.04946274404745608,LONG
TIMEOUT,720.0,0.36194101088257363,-0.8284196267981951,0.010260447720179073,-0.2933893239405496,-0.6484900363430084,-0.3295239441724623,0.015613724791568032,0.010260447720179073,LONG
TIMEOUT,720.0,1.0115746478274155,-0.7560872047222836,0.45185829087248375,-0.49973516790106076,-0.41197890571774376,-0.11812511646104597,-0.1950739571932154,0.45185829087248375,LONG
TP,678.0,2.1258307050721896,-0.10749465313743484,2.0,0.3679485146200285,0.5018029364683219,0.2284110233707654,0.16940383469689876,2.0,LONG
TP,437.0,2.0004361239872956,-0.3515459467233969,1.9999999999999867,-0.12484537346385506,-0.2616223560466292,-0.18406689677362872,1.9999999999999867,1.9999999999999867,LONG
TP,352.0,2.0198856633110243,-0.31104461817170626,2.0,0.02063051038894316,0.2759727505105216,0.9793144585396193,2.0,2.0,LONG
SL,335.0,0.6826813194961543,-1.0131395424045129,-1.0,0.21795528431151936,0.5382974391716379,-0.07050592882089413,-1.0,-1.0,LONG
SL,305.0,0.33100534458581454,-1.4416195985397704,-1.0,-0.16277900779244198,-0.3524742294718282,-0.1858500482669698,-1.0,-1.0,LONG
SL,125.0,0.4222701909867888,-1.2664471734844662,-1.0,0.15771537253724113,-0.30416536132180805,-1.0,-1.0,-1.0,LONG
SL,65.0,0.218400703171781,-1.4320046105402469,-1.0,-0.3728012002859195,-1.0,-1.0,-1.0,-1.0,LONG
TIMEOUT,720.0,0.9180872083509329,-0.5618145603341473,-0.07903575914107351,0.05089609257382333,0.14485810963319634,0.5209508706234303,-0.06924804903073142,-0.07903575914107351,LONG
TIMEOUT,720.0,0.7990971772931694,-0.3258857670614953,0.6385916665354536,0.15310311937292576,-0.06499660728096897,0.5752199744365113,0.4423380217732163,0.6385916665354536,LONG
TIMEOUT,720.0,0.6929516604885659,-0.33574560916290536,0.5463387331898201,0.14520897313855397,0.35319475372513326,0.27176541243473645,0.11031068401409819,0.5463387331898201,LONG
SL,182.0,0.20105776714897716,-1.3590410039660188,-1.0,-0.07969309378672494,-0.41671579575502393,-1.0,-1.0,-1.0,LONG
SL,47.0,0.20072988233480743,-1.2818366377668895,-1.0,-1.0,-1.0,-1.0,-1.0,-1.0,LONG
SL,93.0,0.27847781394518134,-1.0781521728536423,-1.0,0.04272102827569186,-1.0,-1.0,-1.0,-1.0,LONG
SL,322.0,0.5775596423361877,-1.050593545053953,-1.0,-0.04143362651541385,-0.0006277822199443544,-0.32927177435361976,-1.0,-1.0,LONG
TP,1.0,2.10904948731267,1.8832814779660867,1.9999999999999658,1.9999999999999658,1.9999999999999658,1.9999999999999658,1.9999999999999658,1.9999999999999658,LONG
TIMEOUT,720.0,1.1098919724485679,-0.8480635020490873,-0.2989842118420626,-0.25856919483432994,-0.4476071776123713,-0.12732903207807858,0.2737791474716597,-0.2989842118420626,LONG
TIMEOUT,720.0,1.722331701899645,-0.3533578749116085,1.6078474360384685,0.2692798929411032,0.4107151831599671,0.896294322869003,1.1674170208943893,1.6078474360384685,LONG
TIMEOUT,720.0,1.6232542002232508,-0.2355391561055292,0.6096418767578887,0.18563358851976094,0.6586022631393778,0.6603035893070598,0.24669229431598633,0.6096418767578887,SHORT
TIMEOUT,720.0,0.9770152501312539,-0.6957895598484146,0.6108877633714166,0.13425902306233328,0.14291495459036224,0.29448584070873673,-0.29853755333888043,0.6108877633714166,SHORT
TP,109.0,2.007637632960217,-0.052518463644625944,2.000000000000027,0.7119832628185241,2.000000000000027,2.000000000000027,2.000000000000027,2.000000000000027,SHORT
SL,283.0,1.2972952416195545,-1.0620627911813367,-1.0,0.17609871151300038,-0.6074884545094227,-0.6395300839710997,-1.0,-1.0,SHORT
SL,281.0,0.4197577438402989,-1.2526104101901288,-1.0,-0.3331410665399241,-0.616633367679393,-0.7559078264651068,-1.0,-1.0,SHORT
TIMEOUT,720.0,1.4575606721091678,-0.5288329105216425,0.18232856026566746,0.03683944555880581,-0.0024025725364475517,0.24185896866867318,1.2957874546552834,0.18232856026566746,SHORT
TIMEOUT,720.0,1.9583899581921542,-0.43680722769012,0.5150269449552004,0.12006565654266704,0.4191031764572791,0.44421074002386624,1.458813821585596,0.5150269449552004,SHORT
TIMEOUT,720.0,1.8773954310017578,-0.4907516112230072,0.35962990965112657,0.1050246638804216,0.48247694073551023,0.6648379480187638,0.928990890505876,0.35962990965112657,SHORT
TIMEOUT,720.0,1.4571353766129296,-0.7074771882456762,0.05934430361929157,-0.017745110395981884,0.19025085572067235,1.280847886449725,0.06748960019448119,0.05934430361929157,SHORT
TIMEOUT,720.0,1.41785476317075,-0.42972428996302936,0.4197854445469615,-0.012292782488297606,0.18753032008733397,0.9190816524224185,0.5026963392020083,0.4197854445469615,SHORT
TIMEOUT,720.0,1.1819750413969201,-0.5980335716158719,0.7752857900071791,0.08389204373552,0.8239475791555998,0.569188800672702,0.22855627663375733,0.7752857900071791,SHORT
TP,686.0,2.5607274752493434,-0.3352674302148064,2.0,1.0403088495356683,0.8780002206769121,0.5753223183038195,0.15038043566179798,2.0,SHORT
TIMEOUT,720.0,1.9518587263552278,-0.519611557170531,0.3669028242047227,0.3216930019451052,0.02391097266176351,0.04058837376197652,-0.3188799463378335,0.3669028242047227,SHORT
TIMEOUT,720.0,1.715318432448743,-0.8775802672095545,-0.5074070869981664,-0.24959285043865545,-0.6686727378305842,-0.35942213682255647,0.16400611287269018,-0.5074070869981664,SHORT
TP,341.0,2.7658824354962444,-0.2659644548525476,2.0,0.5050613234410252,0.05053078150581768,0.21518718172964543,2.0,2.0,SHORT
TP,281.0,2.5249497101811884,-0.570831932086426,1.9999999999999885,-0.2476625313814128,-0.3825681379062601,0.7704217566651274,1.9999999999999885,1.9999999999999885,SHORT
TP,116.0,2.7281317812296515,-0.060026369135211255,2.0000000000000244,0.24330688289472005,2.0000000000000244,2.0000000000000244,2.0000000000000244,2.0000000000000244,SHORT
SL,261.0,0.8140563284738092,-1.0445010847754466,-1.0,-0.5924748320299341,-0.30169172977356506,-0.1111316428318586,-1.0,-1.0,SHORT
TIMEOUT,720.0,1.8768888815238072,-0.7940423592464536,1.3872068814433764,0.28136424314016645,0.3168729517095112,0.39296304150101685,0.8992157722471767,1.3872068814433764,SHORT
SL,97.0,0.9587060553468468,-1.0997326082271675,-1.0,0.14788915885985973,-1.0,-1.0,-1.0,-1.0,SHORT
TP,510.0,2.215851583598246,-0.6565486173624417,2.0,-0.3711001150632303,-0.11585148419675036,0.47859118287465185,1.0848066811825436,2.0,SHORT
TP,149.0,2.197880370032736,-0.22261489278466193,1.9999999999999916,0.29272835525736757,0.5557003338684907,1.9999999999999916,1.9999999999999916,1.9999999999999916,SHORT
TP,104.0,2.0289475383771625,-0.16827382361937804,2.0,0.2508004596049551,2.0,2.0,2.0,2.0,SHORT
TP,127.0,2.053033775712497,-0.12307487900103131,2.0,0.40672627660458677,1.4540210999157146,2.0,2.0,2.0,SHORT
TP,102.0,2.2976501530477282,-0.49134364811328224,2.000000000000007,0.9251657049824337,2.000000000000007,2.000000000000007,2.000000000000007,2.000000000000007,SHORT
TIMEOUT,720.0,0.7993208271362218,-0.8412351809645582,-0.027045653387703057,0.20969994759378868,0.24917891083271587,0.5596271217570176,-0.6361496576454511,-0.027045653387703057,SHORT
SL,350.0,0.720132296466209,-1.0741003806743425,-1.0,0.21953030489898293,0.02607448065849554,-0.5813487703806489,-1.0,-1.0,SHORT
TIMEOUT,720.0,0.9685827938465629,-0.6759744999969522,-0.10436412320236194,-0.2366882622196816,-0.43659489935658186,-0.15265869597364884,-0.09270165671269674,-0.10436412320236194,SHORT
SL,487.0,1.0050669157107208,-1.3280281422772977,-1.0,-0.14638703483299342,0.14762760292480676,0.35335514481580577,-0.2648612876003753,-1.0,SHORT
SL,413.0,1.1847260413149912,-1.0145699806669224,-1.0,-0.12289048824583815,0.02527261218242269,0.8563750036471655,-1.0,-1.0,SHORT
SL,292.0,1.343785120314644,-1.038504164466258,-1.0,0.4408206333412392,0.9844571902635021,0.027445729087341386,-1.0,-1.0,SHORT
SL,186.0,0.7431878932854383,-1.1358280658542845,-1.0,0.5004324831322656,0.2897475124855681,-1.0,-1.0,-1.0,SHORT
TP,556.0,2.006111624395303,-0.8516271067549985,2.0000000000000258,0.3181561014257884,0.6235632940677984,0.634045730178885,1.231544588510999,2.0000000000000258,SHORT
TIMEOUT,720.0,1.9061579027238202,-0.2331517721112066,1.3531901388191065,0.410802049202779,0.4933718963016771,0.6339453549989564,1.0449748693452634,1.3531901388191065,SHORT
TIMEOUT,720.0,1.5629712425340752,-0.18427847500330083,0.7038351090727788,-0.004980499324419101,-0.0015847043304885635,0.6660285914738213,1.1025014413587662,0.7038351090727788,SHORT
SL,155.0,0.26811419419315,-1.0297526155255197,-1.0,0.05168174060012937,-0.13417841573647304,-1.0,-1.0,-1.0,LONG
TP,272.0,2.0020354112709056,-0.23646275987276316,2.0,0.16729500926220087,1.3184952875901228,1.4374446718581066,2.0,2.0,LONG
TP,434.0,2.2856645037528787,-0.247233497022117,1.9999999999999762,1.0468752424277679,0.3864498140091638,1.5319038421000335,1.9999999999999762,1.9999999999999762,LONG
SL,394.0,0.7746021242877731,-1.3447308112832976,-1.0,-0.08536032250597261,-0.29545922517828294,0.03301903592639006,-1.0,-1.0,LONG
SL,259.0,1.2165780341449497,-1.3639969146594473,-1.0,0.24927192523361089,0.38864977590187694,0.3162805072856577,-1.0,-1.0,LONG
SL,213.0,1.0431120200747779,-1.0367651261284814,-1.0,0.08092289781535998,0.09869420086499023,-1.0,-1.0,-1.0,LONG
SL,168.0,0.930604242576595,-1.1682189528284002,-1.0,0.10183487582222306,0.3208759294775554,-1.0,-1.0,-1.0,LONG
TP,238.0,2.0517337526498785,-0.34525701061914205,2.0,0.9959692853249473,1.0028188882165852,2.0,2.0,2.0,LONG
TP,292.0,2.1113656270460437,-0.272645588086499,2.0000000000000204,0.09306543686133995,0.03320538645296045,0.6261587159700086,2.0000000000000204,2.0000000000000204,LONG
TP,232.0,2.3023011486143594,-0.12067634691188799,2.0,0.07293891650699619,0.10856024782437002,2.0,2.0,2.0,LONG
SL,506.0,1.956819078055659,-1.0634666166768236,-1.0,-0.3774407820673935,-0.22681887373064338,0.9406907754275269,-0.5379353869169813,-1.0,LONG
SL,192.0,0.21563629046708568,-1.0188495735974075,-1.0,-0.2496617406393942,-0.2860264405110621,-1.0,-1.0,-1.0,LONG
TIMEOUT,720.0,0.8641709615778018,-0.9323100731979304,-0.1493745984541455,0.2649643449072307,0.04137695357434373,0.0827539071486702,0.4344580125305574,-0.1493745984541455,LONG
SL,636.0,0.7416501148669663,-1.06383299655689,-1.0,-0.11845800445792136,-0.028231537294328278,-0.16652791931041924,0.540405034829772,-1.0,LONG
SL,561.0,0.8241171198979225,-1.1013996759139608,-1.0,-0.14179452791135097,-0.18451597821463328,-0.08829099729343778,-0.41521180985232076,-1.0,LONG
TIMEOUT,720.0,1.7538099722969949,-0.9900695505333895,1.3936095716165575,0.06404632792846983,0.25907461974074697,0.7437560412445722,0.0031300836957550834,1.3936095716165575,LONG
TIMEOUT,720.0,1.8091894719219674,-0.8673947518341958,-0.04990241773104299,0.09095849777341355,0.321416936022246,1.0402385805208407,0.03992193418484264,-0.04990241773104299,LONG
SL,719.0,1.8388506778471052,-1.213267126630405,-1.0,0.13428756858579652,0.43982687968862283,-0.012399374799726373,0.22623010247813688,-1.0,LONG
SL,308.0,0.9003661340756192,-1.195705357338151,-1.0,-0.11526599644739081,0.4507809197164917,-0.5564812733051859,-1.0,-1.0,LONG
SL,263.0,1.0465474687795782,-1.1416654519868694,-1.0,0.4561169430964532,0.7831630270900799,-0.413426194727797,-1.0,-1.0,LONG
SL,131.0,0.6956905731299315,-1.103675456794548,-1.0,0.183499438811697,-0.7985574118214886,-1.0,-1.0,-1.0,LONG
SL,250.0,1.4127337661932704,-1.1749468946557968,-1.0,-0.14373324080764688,0.23971617678321203,0.1688142090022688,-1.0,-1.0,LONG
SL,160.0,0.378657047278882,-1.2229770694066953,-1.0,0.33606039523936565,-0.5269296488461855,-1.0,-1.0,-1.0,LONG
SL,128.0,0.33614721045908946,-1.0383896409898328,-1.0,-0.14263699450091955,-0.7794161476093081,-1.0,-1.0,-1.0,LONG
TP,627.0,2.0670053659608545,-0.3074918970848252,2.0,0.24764306154493282,0.5263736807731375,1.0874300789616076,0.05181259613877357,2.0,LONG
TP,570.0,2.0635241885457645,-0.5277902751933145,2.0,0.34993096271779944,0.5282354799804767,0.6264031355520683,-0.38732816484031823,2.0,LONG
TIMEOUT,720.0,0.27005541658752874,-0.48595436336140235,-0.3858799918489319,-0.22868084289320598,-0.13399788727940903,0.08256741426846152,-0.17428206225264986,-0.3858799918489319,SHORT
TIMEOUT,720.0,0.2908424410207177,-0.7193756675065668,-0.5014664408915465,-0.2124857800387915,0.04031158798450231,-0.4919956461241026,-0.4660116707365015,-0.5014664408915465,SHORT
TP,581.0,2.1884215709537065,-0.42466101969505204,2.0,-0.13678470502142387,-0.040513944889039956,-0.23813642193856768,0.5633176561634988,2.0,SHORT
TP,452.0,2.0597895966941717,-0.40505769759651805,1.9999999999999933,-0.08309628736485172,0.05314638873865719,0.049622871253218216,1.9999999999999933,1.9999999999999933,SHORT
TP,446.0,2.247960501704285,-0.7839161087033601,2.000000000000007,-0.009928880062736062,-0.5091653807172805,-0.40987658008990574,2.000000000000007,2.000000000000007,SHORT
TP,401.0,2.1430142148360325,-0.7680114889618809,2.0,-0.5602193968164559,-0.5542612006259047,-0.22596459052660592,2.0,2.0,SHORT
TP,286.0,2.0704565749752257,-0.3654298073195089,2.0,0.19021089970733085,0.0822997899390512,1.0189869627178576,2.0,2.0,SHORT
TP,226.0,2.053930593461578,-0.35920397609854915,1.9999999999999927,0.0004838850149541246,-0.015806910488396272,1.9999999999999927,1.9999999999999927,1.9999999999999927,SHORT
TP,165.0,2.105595109452847,-0.02835303848400587,2.0,0.08268221402221525,1.1181623440458377,2.0,2.0,2.0,SHORT
TP,135.0,2.075984139577968,-0.18179829643918186,2.0,0.6177876241271643,1.2836556360351437,2.0,2.0,2.0,SHORT
SL,217.0,0.6064545301687881,-1.3662007845655715,-1.0,0.4589385633709773,0.3237546191943517,-1.0,-1.0,-1.0,SHORT
SL,52.0,0.3953860632352159,-1.258204387836324,-1.0,-1.0,-1.0,-1.0,-1.0,-1.0,SHORT
SL,46.0,0.07844610262479652,-1.079025024138154,-1.0,-1.0,-1.0,-1.0,-1.0,-1.0,SHORT
SL,226.0,0.7802036526043704,-2.047097373410498,-1.0,0.2053051443116626,-0.027344616428186714,-1.0,-1.0,-1.0,SHORT
SL,195.0,0.5691148463158908,-1.0102564789434558,-1.0,-0.46953083774386273,0.22445215295077106,-1.0,-1.0,-1.0,SHORT
SL,75.0,0.5714357566240249,-1.0039393974292832,-1.0,-0.2460071859720911,-1.0,-1.0,-1.0,-1.0,SHORT
TIMEOUT,720.0,1.5323187428444978,-0.8492192286437015,0.19412400875763827,0.14427343249057556,0.2103987557154249,-0.5542211126162299,0.7748832222689829,0.19412400875763827,SHORT
TP,135.0,2.000041096476693,-0.32636728050113045,1.9999999999999838,0.0677198811251587,0.3744093951213228,1.9999999999999838,1.9999999999999838,1.9999999999999838,SHORT
TP,74.0,2.1221802490469277,-0.1534293398688566,2.000000000000009,0.5092300368812208,2.000000000000009,2.000000000000009,2.000000000000009,2.000000000000009,SHORT
SL,51.0,0.15101977456815874,-1.0386683776054582,-1.0,-1.0,-1.0,-1.0,-1.0,-1.0,SHORT
TP,258.0,2.0255547077562728,-0.29096261242802324,2.0,-0.12756862421111487,-0.0667223710584132,0.9564803532975994,2.0,2.0,SHORT
TP,100.0,2.053524510629883,-0.2909476919022644,2.0,0.3549419103173998,2.0,2.0,2.0,2.0,SHORT
SL,425.0,0.835778559738516,-1.0762240235364673,-1.0,-0.11989798113749697,0.3841152006755952,-0.24694047902750152,-1.0,-1.0,SHORT
SL,440.0,0.8885715658628905,-1.005298259601126,-1.0,0.43377681813405855,0.18761767660876447,-0.10960197184170124,-1.0,-1.0,SHORT
SL,93.0,0.3705272403962692,-1.0188679118479929,-1.0,-0.2951972703068547,-1.0,-1.0,-1.0,-1.0,SHORT
SL,261.0,1.7960780344002192,-1.3161167948696395,-1.0,1.6805269021885447,0.693041767737422,0.3874673286547295,-1.0,-1.0,SHORT
TP,317.0,2.4932715630528377,-0.10286633250532078,2.0,0.26120235823500504,0.4773518670436436,0.41406954097074683,2.0,2.0,LONG
TP,287.0,2.3237919633136035,-0.25544947724505207,2.0,0.20835097987799564,0.15193922031971568,0.19504631960481572,2.0,2.0,LONG
TP,77.0,3.149094911877133,-0.22748915826003865,2.0,0.5653929310839094,2.0,2.0,2.0,2.0,LONG
TP,47.0,3.1954129841446144,-0.23236132278912558,2.0,2.0,2.0,2.0,2.0,2.0,LONG
TP,17.0,2.0817902749509,-0.11976458434573481,2.0,2.0,2.0,2.0,2.0,2.0,LONG
SL,443.0,1.6758099833552988,-1.0019856036249695,-1.0,0.05389799495481734,0.5475320299284456,1.4172587160443704,-1.0,-1.0,LONG
SL,368.0,1.216492612153355,-1.2136047958633631,-1.0,0.401947929861358,0.9295158683367549,0.8629156051491383,-1.0,-1.0,LONG
TIMEOUT,720.0,0.84969569193095,-0.5211919628827199,-0.46622912966340707,-0.0897655538678306,0.30049178316040276,0.7073016336678051,0.026738675620209377,-0.46622912966340707,LONG
SL,708.0,0.9411038104650485,-1.03789340471909,-1.0,0.4265017781717766,0.8358662466377255,0.371227920106505,0.2894033005251549,-1.0,LONG
SL,50.0,0.08763508507874991,-2.3072674743389587,-1.0,-1.0,-1.0,-1.0,-1.0,-1.0,LONG
SL,338.0,0.36572203668094044,-1.135314504874605,-1.0,-0.08086545970334155,0.23734240856433725,-0.2558455222252599,-1.0,-1.0,SHORT
SL,92.0,0.20889622500378105,-1.014861511025835,-1.0,-0.34790055383092217,-1.0,-1.0,-1.0,-1.0,SHORT
SL,144.0,0.56202713822243,-1.0241781162129693,-1.0,0.022552681342687335,0.014140173222801066,-1.0,-1.0,-1.0,SHORT
SL,91.0,0.7771791123968901,-1.0002980977784561,-1.0,0.2051797704765071,-1.0,-1.0,-1.0,-1.0,SHORT
SL,53.0,0.5552543510895067,-1.0036046441754776,-1.0,-1.0,-1.0,-1.0,-1.0,-1.0,SHORT
TP,123.0,2.0045522415841273,-0.35572389898615064,1.9999999999999936,1.073534008347318,1.833476757572505,1.9999999999999936,1.9999999999999936,1.9999999999999936,SHORT
SL,184.0,0.5743955871617796,-1.015770337816668,-1.0,0.28337217700775147,-0.36477023566027494,-1.0,-1.0,-1.0,SHORT
SL,250.0,0.31735182784932753,-1.0809327119013004,-1.0,-0.20066117678847276,0.06560719008141983,-0.4048280812912206,-1.0,-1.0,SHORT
TP,682.0,2.138813251253457,-0.42591812294659553,2.0000000000000093,0.05093410623819632,0.21191103459596952,0.22993709688602512,0.4307390465823103,2.0000000000000093,SHORT
TP,622.0,2.1276411165798406,-0.70952286581674,1.9999999999999896,-0.003941793698983529,-0.29146086350707295,-0.1256736579322463,-0.1637003736165493,1.9999999999999896,SHORT
TP,428.0,2.0513296848497875,-0.5886761084276354,2.0000000000000115,0.3175752690201739,-0.3364232321408836,-0.2476054333254853,2.0000000000000115,2.0000000000000115,SHORT
TP,232.0,2.1457891388110832,-0.30609177156749945,2.000000000000013,0.06493722630452049,0.5784276281397217,2.000000000000013,2.000000000000013,2.000000000000013,SHORT
TIMEOUT,720.0,1.6016877705155224,-0.39290805424792613,1.1329577516961127,0.4493305251812984,0.17746438194299152,-0.05150428944766488,0.15287347451439856,1.1329577516961127,SHORT
TP,529.0,2.148043112111133,-0.20425796235742802,2.0,0.9338171536477358,0.6966793978052871,0.17168835560339782,1.4930838296241065,2.0,SHORT
TP,499.0,2.0206226433241667,-0.41630353600929376,1.9999999999999927,0.7911534586297891,0.6870374063974369,0.2361891925641361,1.536515135027751,1.9999999999999927,SHORT
TIMEOUT,720.0,1.5732120988205547,-0.8092326193594683,0.02395754465209379,-0.0687036465684273,0.2931947131231936,0.9377667478103662,-0.12536514106304947,0.02395754465209379,SHORT
TIMEOUT,720.0,1.6034561741949132,-0.9365319247510068,0.45786005210049546,0.23879536955772618,0.3615040257877277,0.8690962205012617,-0.5771901660334154,0.45786005210049546,SHORT
TIMEOUT,720.0,1.298070015687722,-0.19869695237066698,0.28695615960572346,0.40933619438010493,-0.06494330841651566,0.371462075811455,0.3987587378429109,0.28695615960572346,SHORT
TIMEOUT,720.0,0.9026234092274638,-0.5870334838542327,0.015960609568730827,-0.24789882947180325,0.4317288290435847,-0.11217705023130761,-0.2613691311645639,0.015960609568730827,SHORT
TIMEOUT,720.0,1.420349287998682,-0.10355338646133981,0.4145735228550657,0.9211811678605973,0.4350922124088192,0.9953364318618783,0.40269428153447445,0.4145735228550657,SHORT
TIMEOUT,720.0,1.001873143409813,-0.32060929361029633,0.07786578834790961,0.2013386812996031,0.2534963998437582,0.3685647315134568,-0.14015841902624518,0.07786578834790961,SHORT
TIMEOUT,720.0,0.4202569537710602,-0.9634354356479561,-0.635072556594031,-0.01967272576559788,-0.2647235916779721,-0.9507603908593845,-0.6794352133540316,-0.635072556594031,SHORT
SL,334.0,0.3967357526236335,-1.0014831945870755,-1.0,-0.6749329701115833,-0.390842311328757,-0.12523562751624345,-1.0,-1.0,SHORT
SL,261.0,0.2587488403326947,-1.0465120005715132,-1.0,-0.4376322911480882,-0.4129716614695458,-0.7061452386631455,-1.0,-1.0,SHORT
SL,528.0,0.5091707900178064,-1.0070732609564848,-1.0,0.4268858553468924,-0.21724270968850398,-0.45138789799572104,-0.37539225769455287,-1.0,SHORT
SL,123.0,0.04344913725126157,-1.0253415131937251,-1.0,-0.49872053192756294,-0.8804626174094105,-1.0,-1.0,-1.0,SHORT
SL,184.0,0.49744257749351073,-1.054446337237613,-1.0,-0.026191399361006146,0.15249214739075964,-1.0,-1.0,-1.0,SHORT
SL,77.0,0.2976603824342313,-1.0135952007991085,-1.0,-0.055637454660609216,-1.0,-1.0,-1.0,-1.0,SHORT
SL,65.0,0.48916344029120684,-1.1247770348040054,-1.0,-0.505103593131648,-1.0,-1.0,-1.0,-1.0,SHORT
SL,108.0,0.45105676055236804,-1.0594280176250044,-1.0,-0.007606149870129554,-1.0,-1.0,-1.0,-1.0,SHORT
TIMEOUT,720.0,0.4352467958181174,-0.5171172690568147,0.052229615498171685,-0.22952381663016086,0.13883821841286684,-0.2131056463575305,-0.1422540793420717,0.052229615498171685,SHORT
TIMEOUT,720.0,0.46963024674921905,-0.47982878494662956,-0.10434845789793076,0.06156434643561306,-0.26292328962601624,-0.24352119256752178,-0.10235849922526075,-0.10434845789793076,SHORT
TIMEOUT,720.0,0.5777447249598126,-0.5892121052410761,0.492946465511547,-0.20912880355035474,-0.23010203853844735,-0.14092806819338569,-0.111806957742286,0.492946465511547,SHORT
TIMEOUT,720.0,1.0655176160455162,-0.2858558501387881,0.19748210491983534,0.017111089620991338,0.4921954602741927,0.2826349391513117,0.6071417211398625,0.19748210491983534,SHORT
TIMEOUT,720.0,0.7041290890248106,-0.8479955282457831,-0.7080706353048339,-0.20862041382141938,0.06306474048043696,0.24268663524165285,-0.5194394919035391,-0.7080706353048339,SHORT
SL,121.0,0.1848863050813299,-1.0375830269059205,-1.0,-0.295330832860513,-0.8096558396753454,-1.0,-1.0,-1.0,SHORT
SL,194.0,0.24515422193898817,-1.0005237378133156,-1.0,-0.6362011121064199,-0.6760148122210963,-1.0,-1.0,-1.0,SHORT
SL,427.0,0.3330920958085395,-1.1030046500664799,-1.0,-0.42995802224414764,-0.22355705637864018,-0.24150496645389805,-1.0,-1.0,SHORT
SL,90.0,0.2976957697627762,-1.1678235360237128,-1.0,-0.24126977418684725,-1.0,-1.0,-1.0,-1.0,SHORT
TP,433.0,2.0624888180061833,-0.5423242007467102,2.0000000000000133,0.07544608357360694,-0.0375751082895971,0.42397740298419795,2.0000000000000133,2.0000000000000133,SHORT
TP,372.0,2.0124840463156337,-0.36293617246128335,2.0,-0.028809172445775615,0.0160380960007568,0.2664105946790391,2.0,2.0,SHORT
TP,285.0,2.1995547633194983,-0.28521853526276136,2.0,-0.048121846466743494,0.7783796479584931,0.7495767909491934,2.0,2.0,SHORT
TP,240.0,2.5027132674330748,-0.25194577314908195,1.9999999999999822,0.7936097151125929,0.573205839374755,1.9999999999999822,1.9999999999999822,1.9999999999999822,SHORT
TP,210.0,2.2751457196895957,-0.18716351824366118,2.0,0.7708335335565405,0.9988539528721103,2.0,2.0,2.0,SHORT
SL,94.0,0.3448503457479691,-1.0130612449750573,-1.0,-0.554477187313745,-1.0,-1.0,-1.0,-1.0,SHORT
SL,320.0,0.23165099070787754,-1.0256903710780492,-1.0,-0.09122240759204414,-0.6270978807620725,-0.1579540702886939,-1.0,-1.0,SHORT
SL,131.0,0.3913823325981699,-1.0009539482282936,-1.0,-0.15479836292927854,-0.4383595323171076,-1.0,-1.0,-1.0,SHORT
SL,1.0,-1.5165893874730365,-1.8124209160804352,-1.0,-1.0,-1.0,-1.0,-1.0,-1.0,LONG
TP,436.0,2.006132601164707,-0.3369705606937808,2.000000000000007,0.26262985833456676,0.4982959783134453,0.5187092039612552,2.000000000000007,2.000000000000007,LONG
TP,522.0,2.018732740999081,-0.36081458591010696,2.0,-0.008823833803933406,0.44263559027389954,0.3208666837795558,1.3118634366327209,2.0,LONG
SL,393.0,0.3405822348774572,-1.349599321272591,-1.0,-0.31278490525740144,-0.7645564586150582,-0.29148227881960065,-1.0,-1.0,LONG
SL,429.0,0.48129309775442797,-1.1409004934383264,-1.0,-0.06557197293046788,0.38306472723804413,-0.26876733568730865,-1.0,-1.0,LONG
SL,228.0,0.3705797283758831,-1.0643738748922484,-1.0,0.019376717823570228,-0.09284677290464048,-1.0,-1.0,-1.0,LONG
SL,28.0,0.2788200205508065,-1.0042684073543207,-1.0,-1.0,-1.0,-1.0,-1.0,-1.0,LONG
SL,228.0,1.229943390315581,-1.0326050215176477,-1.0,0.5251319679757309,-0.08277616140853275,-1.0,-1.0,-1.0,LONG
SL,106.0,0.3446634639353846,-1.0382893395667279,-1.0,-0.5184904820806652,-1.0,-1.0,-1.0,-1.0,LONG
TIMEOUT,720.0,0.9036887042298716,-0.3710856041063301,0.21698644819847704,-0.25846171335529644,-0.0655848705122032,0.10031619011507448,0.4592626922242903,0.21698644819847704,LONG
TIMEOUT,720.0,0.9614545200161851,-0.7368082917704014,-0.12182210459362301,-0.10301997912579701,0.02604877799188153,0.6273250820150409,0.4087503734515748,-0.12182210459362301,LONG
TIMEOUT,720.0,1.835997250557522,-0.4530792871109285,0.7573685992734084,-0.029994796010836586,0.03946683685635259,0.009866709214088148,1.0446871715876451,0.7573685992734084,LONG
TP,352.0,2.0363662077671183,-0.09563690093752472,1.9999999999999787,0.1590838205838617,0.08677299304575238,0.0163282513795717,1.9999999999999787,1.9999999999999787,LONG
TP,307.0,2.018732747386603,-0.3299456272459794,2.0000000000000235,-0.014390151967101117,0.006681141984737204,0.014904085965937841,2.0000000000000235,2.0000000000000235,LONG
TP,216.0,2.1580808913492757,-0.3817097855907021,2.000000000000028,-0.23470828240205002,0.03150032211183797,2.000000000000028,2.000000000000028,2.000000000000028,LONG
TP,136.0,2.043897026409763,-0.2052331264483037,1.999999999999968,0.43928323298009114,0.5728253358060452,1.999999999999968,1.999999999999968,1.999999999999968,LONG
TP,229.0,2.0232430788179174,-0.2671391953984326,2.0,0.24623891662174904,0.16864362874972427,2.0,2.0,2.0,SHORT
SL,629.0,1.434020426587975,-1.1334131960017408,-1.0,-0.15528538427210548,0.24787338334515646,-0.37642732431532516,-0.3975694658359383,-1.0,SHORT
SL,192.0,0.07034523701044135,-1.0241277278825014,-1.0,-0.24181175222340226,-0.2310950950225836,-1.0,-1.0,-1.0,SHORT
SL,269.0,0.27273636622560915,-1.3482877657287506,-1.0,0.1519074755441917,-0.4687928595187813,-0.519622320742937,-1.0,-1.0,SHORT
SL,43.0,0.23402128162649807,-1.0820269697181695,-1.0,-1.0,-1.0,-1.0,-1.0,-1.0,SHORT
SL,45.0,0.5621846633279589,-1.0001269920847136,-1.0,-1.0,-1.0,-1.0,-1.0,-1.0,SHORT
TIMEOUT,720.0,0.2604677137430423,-0.903986771539441,-0.561796637589528,-0.34327016593503296,-0.4494733111377887,0.04680138602155463,-0.5032949050625827,-0.561796637589528,SHORT
TIMEOUT,720.0,0.4681858692506957,-0.6286228565372768,0.16181857598225824,0.1652725477214709,-0.3393527233779537,-0.38459975316167877,-0.1466211003297147,0.16181857598225824,SHORT
TIMEOUT,720.0,0.27726860180137464,-0.8323299426476083,0.033020646339300096,-0.12404581429046933,-0.13557683364704579,-0.4348591996746205,-0.6546474171075944,0.033020646339300096,SHORT
TIMEOUT,720.0,0.3121399200429544,-0.8095097573851927,-0.08381195267897838,-0.3541375943613066,-0.22080873309736565,-0.422911078507081,-0.4825147647667521,-0.08381195267897838,SHORT
SL,1.0,-0.9656769001111195,-1.0305798282245096,-1.0,-1.0,-1.0,-1.0,-1.0,-1.0,LONG
TP,150.0,2.0576177577916503,-0.9813674999103852,1.9999999999999862,0.34851166870074546,1.215837392203819,1.9999999999999862,1.9999999999999862,1.9999999999999862,LONG
SL,231.0,0.04556968089367193,-1.0417735382081834,-1.0,-0.16413523951517586,-0.2704644949337693,-1.0,-1.0,-1.0,LONG
SL,254.0,0.17983129636113554,-1.0191905744867833,-1.0,-0.1323452816740924,-0.17103758993759643,-0.7545000111386185,-1.0,-1.0,LONG
TIMEOUT,720.0,1.2472852242823484,-0.38646454099526956,0.8616823656527505,0.08702991893092701,-0.11072618398638549,0.05514767140176506,0.34079537561565654,0.8616823656527505,LONG
TIMEOUT,720.0,1.5486129223722025,-0.26607811645208057,1.2461644159014815,0.04019885212586126,0.10671838123887596,0.4594154528669019,0.8561398387280316,1.2461644159014815,LONG
TP,694.0,2.013980770343684,-0.22728657193528592,2.0000000000000253,0.21398199211469562,0.6835227882834441,0.19513383736883416,0.6092388842850728,2.0000000000000253,LONG
TP,515.0,3.3777978518771055,-0.42440385894736,2.0,-0.09738445488593232,0.21761217696733834,0.3871332651021307,1.4842112290949607,2.0,LONG
TP,455.0,3.1794663453214125,-0.380480435070327,2.000000000000028,-0.04663953720218047,0.37925307882813797,0.09021068379891613,2.000000000000028,2.000000000000028,LONG
SL,360.0,0.23822521355136864,-1.3227768436667875,-1.0,0.08969613303756499,-0.25606799270399605,-0.26185483999673653,-1.0,-1.0,LONG
SL,195.0,0.8092252832815714,-1.0536787542728752,-1.0,0.27997749756394086,0.2197672830340623,-1.0,-1.0,-1.0,LONG
SL,105.0,0.08107714841097761,-1.5542789636120375,-1.0,-0.34232573773527825,-1.0,-1.0,-1.0,-1.0,LONG
SL,95.0,0.28027459054533505,-1.3735744227425726,-1.0,-0.13114365321900037,-1.0,-1.0,-1.0,-1.0,LONG
TIMEOUT,720.0,1.1823868063149923,-0.388339470849973,0.20329927573740164,0.15186210958696644,0.4431167127244538,0.4912138031508232,0.5132583029295724,0.20329927573740164,LONG
TIMEOUT,720.0,1.0972810788193794,-0.43119852820904037,0.4617507857354063,0.48666929364698586,0.7503721121547161,0.19588114045274832,0.19544777509776476,0.4617507857354063,LONG
SL,693.0,1.1510475078213354,-1.0536180183952508,-1.0,0.35752886385261945,0.2675718426421234,0.19658339459420887,0.25291430883465454,-1.0,LONG
SL,232.0,0.899106130649343,-1.188548459739215,-1.0,-0.09440910325119957,-0.2672458314602801,-1.0,-1.0,-1.0,LONG
SL,157.0,0.9974224125644875,-1.2817540364895832,-1.0,-0.34733692695394486,-0.09693123542900788,-1.0,-1.0,-1.0,LONG
SL,52.0,1.257574660648144,-1.4063687796557462,-1.0,-1.0,-1.0,-1.0,-1.0,-1.0,LONG
SL,393.0,0.202245644366157,-1.107221625497302,-1.0,-0.11504552958509466,-0.034684639492747665,0.03346334936975921,-1.0,-1.0,LONG
SL,325.0,0.35660441048068453,-1.0613293834528046,-1.0,0.1244297705087255,0.026865518632572895,-0.0166849010454791,-1.0,-1.0,LONG
SL,265.0,0.2702434509839093,-1.2926177522840336,-1.0,-0.0931981451489992,-0.16769432137179346,-0.6000215030496205,-1.0,-1.0,LONG
SL,53.0,0.2278901838763152,-1.0043415420740465,-1.0,-1.0,-1.0,-1.0,-1.0,-1.0,LONG
SL,55.0,0.8406117401838177,-1.0378839597189264,-1.0,-1.0,-1.0,-1.0,-1.0,-1.0,LONG
TP,117.0,2.024524452283409,-0.3295561899763968,1.999999999999983,1.4575217061842722,1.999999999999983,1.999999999999983,1.999999999999983,1.999999999999983,LONG
TIMEOUT,720.0,1.6824059445391224,-0.8947627120769862,-0.020936065275771812,1.093756963581613,0.9752547688653755,0.8175228596032763,0.053864633961928574,-0.020936065275771812,LONG
SL,317.0,0.22624302524722795,-1.033623699423575,-1.0,-0.2584059248558917,-0.4249178508298953,-0.4271233068030588,-1.0,-1.0,LONG
SL,200.0,0.2931038973300941,-1.0128510222149267,-1.0,-0.18089672848320545,-0.46248125866932266,-1.0,-1.0,-1.0,LONG
TP,453.0,2.077278513337278,-0.3263144968481068,1.9999999999999847,-0.04393340091171648,0.160306607906872,1.551419180287083,1.9999999999999847,1.9999999999999847,LONG
TP,174.0,2.021727270288752,-0.09303523721682427,2.0,0.4365499592482005,0.6358600635934706,2.0,2.0,2.0,LONG
TIMEOUT,720.0,0.8082757933398876,-0.45739072420948684,0.2629814291507517,-0.1079646366555105,-0.1364147773958209,0.5361757293364747,0.19878623978800855,0.2629814291507517,LONG
TIMEOUT,720.0,1.1123396833441754,-0.3530432707956299,0.10853124473024667,0.23437681254974724,0.5937545917926712,0.3551547736114202,0.4108984479475622,0.10853124473024667,LONG
SL,508.0,0.44518262031987216,-1.431699614808355,-1.0,-0.466336006166585,-0.19903413046697307,-0.03509539015480638,-0.11826665723400387,-1.0,LONG
TIMEOUT,720.0,1.8164852744725566,-0.7472157365910339,1.0939645724468885,0.2869206593315446,-0.21512684750236327,-0.45647625748133863,0.4798983521206387,1.0939645724468885,SHORT
SL,197.0,0.1835051629064566,-1.0181317152485279,-1.0,-0.1749201260453316,-0.4166425701662642,-1.0,-1.0,-1.0,SHORT
TP,311.0,2.0110345891124948,-0.4572578138352339,2.0,0.2916143302902482,0.36400666754322986,0.5942715594835115,2.0,2.0,SHORT
TP,267.0,2.000515147131379,-0.17718299381892355,1.9999999999999825,0.44199662232489495,0.03920317867579007,0.17141782048426502,1.9999999999999825,1.9999999999999825,SHORT
SL,1.0,-1.3278087073432436,-1.43070018937956,-1.0,-1.0,-1.0,-1.0,-1.0,-1.0,SHORT
SL,161.0,0.18077618654574337,-1.0263247433960865,-1.0,-0.47912010280306905,-0.6463516200272029,-1.0,-1.0,-1.0,SHORT
SL,187.0,0.253457352944824,-1.0202711431346816,-1.0,-0.36693092835902474,-0.42218116267642075,-1.0,-1.0,-1.0,SHORT
SL,276.0,0.6069884986208508,-1.131343928360377,-1.0,-0.09843056734391503,-0.032810189114638344,-0.47665913630434925,-1.0,-1.0,SHORT
SL,575.0,0.8966262004169906,-1.021684498001157,-1.0,0.3076627012545851,0.5240232006739609,0.007072705775961256,-0.2983395890953707,-1.0,SHORT
SL,544.0,0.8122378902867815,-1.006315401897256,-1.0,0.22127522517527887,0.4338203200704941,0.20079299644129628,-0.523807816803377,-1.0,SHORT
TP,207.0,2.8513146325367074,-0.3076842343584781,2.0000000000000107,-0.006443648887082739,-0.09435343013236668,2.0000000000000107,2.0000000000000107,2.0000000000000107,SHORT
TP,176.0,2.322424092423829,-0.21631168952008104,2.0,-0.112482078550444,0.12444284255919633,2.0,2.0,2.0,SHORT
TP,146.0,2.453560495453745,-0.236188900441475,2.0,0.013750723655845554,0.1892746667921578,2.0,2.0,2.0,SHORT
TP,71.0,2.5054061191633856,-0.12900949573049492,2.0,0.42665496047590773,2.0,2.0,2.0,2.0,SHORT
TP,591.0,2.030427512270849,-0.826996716349912,1.9999999999999896,0.1019267661607748,0.10841301491645443,-0.26894767161967814,0.03775923382774332,1.9999999999999896,SHORT
TP,303.0,2.160249573738806,-0.8089373647087207,2.0,0.023544954482170852,-0.0431657498839714,0.6034796071441135,2.0,2.0,SHORT
TP,201.0,2.0287955936701194,-0.3393830349211077,2.0,0.18712406606833415,0.396755979706208,2.0,2.0,2.0,SHORT
TIMEOUT,720.0,1.881336023007174,-0.4606667294941577,0.7388227555350417,0.31626470925937833,0.3913612320722947,-0.08238200636939094,0.5740587427962514,0.7388227555350417,SHORT
TIMEOUT,720.0,1.8190085466339467,-0.4257901687071144,0.6096785216348615,0.11477354841936578,1.2143435341344042,0.9060127223120171,0.503141452509242,0.6096785216348615,SHORT
TIMEOUT,720.0,1.4212102133604267,-0.9140076693262991,0.3043587796370775,-0.06444806472119456,-0.4926737895594208,0.6286480301561542,0.11306351238659773,0.3043587796370775,SHORT
TIMEOUT,720.0,1.3816396528312638,-0.8817363209758179,0.26863711007616353,-0.030329996298927648,-0.47535047770870503,0.22729443654965686,0.12998569842394983,0.26863711007616353,SHORT
TIMEOUT,720.0,0.3060552877990244,-0.6568660755863818,0.2677795403342527,-0.2278461817588,-0.27380721710035993,-0.37959294434551755,-0.2700399191215438,0.2677795403342527,SHORT
TIMEOUT,720.0,1.676910380759136,-0.3321830013349325,0.9567465615156361,-0.20496397954708945,-0.29405449334296535,-0.0954142663408802,0.0788609140907177,0.9567465615156361,SHORT
TP,457.0,2.13673865831231,-0.0570290733760986,2.0,0.33032424319143877,0.22046304123314425,0.4080911614315661,2.0,2.0,SHORT
TP,412.0,2.047243218119716,-0.25088629184586175,1.9999999999999873,-0.12267398155376745,0.05067570795561937,0.06147544899533843,1.9999999999999873,1.9999999999999873,SHORT
TP,336.0,2.0051765646704793,-0.10205988502812698,2.0,0.18040585559386207,0.21642699148614056,0.3184868765142812,2.0,2.0,SHORT
TP,230.0,2.119117051950826,-0.30081982681913333,2.0,-0.07033144616864763,0.1295780448433085,2.0,2.0,2.0,SHORT
TIMEOUT,720.0,0.2995762700176784,-0.660132336983727,-0.16859120332783487,-0.03448193451729206,-0.5621249593456548,-0.4306770478971851,-0.2131400113451404,-0.16859120332783487,SHORT
TIMEOUT,720.0,0.43638556923092264,-0.7255705251673412,0.3857495760665176,-0.26373973324073197,-0.41310319046438143,-0.42353573176960685,0.032442658936989575,0.3857495760665176,SHORT
TIMEOUT,720.0,1.074294985808412,-0.2721338645769574,0.8048214292807992,-0.12425203477521267,0.028167967581286736,0.23379413092465715,0.2827750967743358,0.8048214292807992,SHORT
TP,666.0,2.0243864261816022,-0.2737688893722262,2.000000000000009,-0.15488514478211624,-0.10365238297040394,0.6763120178927985,1.027226764819329,2.000000000000009,SHORT
TP,543.0,2.0675773957061416,-0.045041378343382565,2.0,0.25192635344604297,1.2262960578348197,0.7832619352595134,1.0565638580888488,2.0,SHORT
TP,529.0,2.2066198550661644,-0.25688269237128475,2.0,0.35108125425141884,0.039063970543466435,0.10804401979427336,0.9328377269652259,2.0,SHORT
TP,437.0,2.0297508884840334,-0.6071515653430786,1.9999999999999896,0.06412612038455402,-0.4265978788702758,0.06389872279453293,1.9999999999999896,1.9999999999999896,SHORT
TP,337.0,2.01002176398165,-0.5034278924703918,2.0000000000000107,-0.32032127468684973,0.7573326609586608,0.4010357787475986,2.0000000000000107,2.0000000000000107,SHORT
TP,290.0,2.035250735606232,-0.9786354645066461,2.0,-0.7815753834584305,-0.3401341421474867,0.510756624949107,2.0,2.0,SHORT
TP,199.0,2.0927233634613716,-0.08984466796011972,2.0,0.14835326880244448,0.6444711426115041,2.0,2.0,2.0,SHORT
TP,483.0,2.0233818962459984,-0.1275369816133215,2.0,0.3544913452794248,0.6295409803250172,1.441782528286468,1.7083809175625004,2.0,SHORT
TP,389.0,2.0549677224144873,-0.5146122306996581,2.0,0.17042746228465477,-0.15650266074806782,0.19479586497366305,2.0,2.0,SHORT
TP,293.0,2.170759000811978,-0.15869928725888433,1.9999999999999936,1.0516702767989123,0.02975611636104326,0.4334043035195102,1.9999999999999936,1.9999999999999936,SHORT
TIMEOUT,720.0,1.212260124791082,-0.7277645264081238,-0.6562855080501144,-0.315829141618844,-0.07412194004519944,0.19233261914483168,0.09490491513080093,-0.6562855080501144,SHORT
TIMEOUT,720.0,1.4430651228364606,-0.6197098863508878,-0.5129230672609897,0.20687781600983582,0.5940810497693145,0.992136133252524,-0.07249959177130609,-0.5129230672609897,SHORT
SL,553.0,0.9175384042674514,-1.0384517686529973,-1.0,0.47214311913738294,0.31779496224269144,-0.1018390893147504,-0.6741769637090608,-1.0,SHORT
SL,322.0,0.16867183714885411,-1.0362133651366656,-1.0,-0.08113175822715378,-0.5438608770577286,-0.501904513265144,-1.0,-1.0,SHORT
TIMEOUT,720.0,0.8850737833652809,-0.39684378599831654,0.5217048000661129,-0.1951580997359969,0.1583358167669373,-0.09406419558459185,0.056907164588541136,0.5217048000661129,SHORT
TIMEOUT,720.0,1.2445645751305066,-0.47112763232604254,1.1930214168305469,0.09410969914318623,0.16215825083134022,0.407277821061206,0.3096933022573514,1.1930214168305469,SHORT
TP,458.0,2.0597215763780876,-0.8416636041328179,2.0,-0.29124050916685573,-0.5714611071760468,-0.004579703338246166,2.0,2.0,SHORT
TP,261.0,2.0566699774355977,-0.37730019641616935,1.999999999999996,0.10338703915047778,0.4660452023881654,0.9244122654266436,1.999999999999996,1.999999999999996,SHORT
TP,323.0,2.0000127081172874,-0.698556502719645,2.0000000000000036,0.5286540060273072,0.10443689279909997,0.7652544003332321,2.0000000000000036,2.0000000000000036,SHORT
SL,137.0,1.1793407717852875,-1.0253277084808006,-1.0,0.5520995353358147,-0.5584618983498194,-1.0,-1.0,-1.0,SHORT
SL,649.0,0.2932224385699598,-1.0461244809913963,-1.0,-0.1863596524347447,-0.5026508829323033,-0.16453476595421868,-0.34614496122739746,-1.0,SHORT
SL,450.0,0.4971563248743012,-1.0200434761746267,-1.0,0.008576942142008048,0.3322033483217378,-0.38075496723275,-1.0,-1.0,SHORT
SL,79.0,0.39043029662716655,-1.2324286370242854,-1.0,-0.18496103249532395,-1.0,-1.0,-1.0,-1.0,SHORT
SL,160.0,0.3061154226304788,-1.0288879482857443,-1.0,-0.03938327074778494,-0.21526537761002268,-1.0,-1.0,-1.0,SHORT
SL,289.0,0.22151475033556903,-1.0517484617747082,-1.0,-0.5613791152657497,-0.43990328443655624,-0.6359617025762967,-1.0,-1.0,SHORT
TP,578.0,2.102824273681388,-0.7644212369177563,1.99999999999999,-0.08123640322646722,-0.23394308470130676,-0.15980931782254124,0.7564307710266172,1.99999999999999,SHORT
TP,306.0,2.1634948239184992,-0.5885085944545367,2.0,-0.2839619944543001,-0.2813229424612208,0.9706433230510105,2.0,2.0,SHORT
TP,168.0,2.142921105653452,-0.19969272636865534,2.0000000000000253,0.5045457680238613,1.6601905094177551,2.0000000000000253,2.0000000000000253,2.0000000000000253,SHORT
SL,621.0,0.3299761303236205,-1.07891071824916,-1.0,-0.5820927242787597,-0.4829145053331745,0.033059406315192726,-0.45665236012951094,-1.0,SHORT
SL,471.0,0.48986125412667536,-1.0073437610335887,-1.0,0.043927775505922494,0.2938501952403872,0.1933487694616815,-1.0,-1.0,SHORT
SL,227.0,0.25075283040528085,-1.2396191205676093,-1.0,-0.05486557656730687,-0.6279536693055119,-1.0,-1.0,-1.0,SHORT
SL,71.0,0.7141012758217238,-1.0526758134525886,-1.0,-0.1538135348309368,-1.0,-1.0,-1.0,-1.0,SHORT
SL,369.0,1.092996964499839,-1.0372318132498437,-1.0,0.010356385232140948,0.08285108185713663,-0.06373160142855828,-1.0,-1.0,SHORT
SL,127.0,1.3544187395126115,-1.1423050309551004,-1.0,0.4126940476189863,-0.27278926112360913,-1.0,-1.0,-1.0,SHORT
SL,661.0,0.5718748363815711,-1.2355900133415911,-1.0,-0.1258770163200046,0.26378423699694187,-0.3368457219938618,-0.03491693459692625,-1.0,LONG
SL,452.0,0.7161619617052891,-1.0558616878645941,-1.0,-0.3630297801931504,0.14280820954043982,0.04277176572869776,-1.0,-1.0,LONG
SL,332.0,0.6370578228673257,-1.1234553337114688,-1.0,0.2577731212704524,-0.03195824800493205,-0.005970222154768052,-1.0,-1.0,LONG
SL,136.0,0.5489867001034705,-1.0257269235187745,-1.0,0.14103204431341027,-0.2344765890118863,-1.0,-1.0,-1.0,LONG
SL,31.0,0.39721819200670566,-1.1608359231919807,-1.0,-1.0,-1.0,-1.0,-1.0,-1.0,LONG
SL,124.0,0.0625304109029361,-1.2928241807495193,-1.0,-0.20949274718749586,-0.33487098224668216,-1.0,-1.0,-1.0,SHORT
SL,49.0,0.2745942771876701,-1.1345079346964435,-1.0,-1.0,-1.0,-1.0,-1.0,-1.0,SHORT
SL,19.0,0.2700952641935247,-1.1888680742479467,-1.0,-1.0,-1.0,-1.0,-1.0,-1.0,SHORT
SL,218.0,0.5449641614294384,-1.0416898683782772,-1.0,0.017470142974055587,0.0005214968051951583,-1.0,-1.0,-1.0,SHORT
SL,69.0,0.5802412106394904,-1.1048071027168753,-1.0,-0.6240275288836497,-1.0,-1.0,-1.0,-1.0,SHORT
SL,207.0,0.1842638126912179,-1.0365808593331178,-1.0,-0.49205932589634666,-0.5962084374174801,-1.0,-1.0,-1.0,LONG
TIMEOUT,720.0,0.5331442907815971,-0.8097646101671705,0.1296411468345483,0.06541164247578532,-0.16352910618948122,-0.12373045624939183,-0.189930190803198,0.1296411468345483,LONG
SL,61.0,0.10198822533697606,-1.007694981159736,-1.0,-0.9794718244627061,-1.0,-1.0,-1.0,-1.0,LONG
SL,617.0,0.7737824282601139,-1.179951726943056,-1.0,-0.07977138435671667,0.10303803812741877,0.3403579065886376,-0.33969314505234743,-1.0,LONG
TP,276.0,2.068971107262261,-0.6852852003451705,2.0,-0.028198338387398682,-0.47281399947259656,-0.10098939794560344,2.0,2.0,SHORT
TP,110.0,2.3327784510129317,-0.12547095634955127,1.999999999999984,0.061684045579660625,1.999999999999984,1.999999999999984,1.999999999999984,1.999999999999984,SHORT
TP,80.0,2.333051950680111,-0.16900962034827496,1.9999999999999836,0.4840147850825266,1.9999999999999836,1.9999999999999836,1.9999999999999836,1.9999999999999836,SHORT
SL,374.0,0.9615732951204289,-1.018528810466416,-1.0,-0.02001139728372803,0.39920172017272715,-0.025142524792370263,-1.0,-1.0,SHORT
SL,62.0,0.18194507462039353,-1.17645437705225,-1.0,-0.7321123240677558,-1.0,-1.0,-1.0,-1.0,SHORT
TP,649.0,2.3759029366147013,-0.6330133072989946,2.0,1.6766440506448952,1.2518311334542183,0.7565665691056734,0.684011887704301,2.0,SHORT
SL,146.0,0.30985644150147373,-1.0444160411469015,-1.0,-0.5698694079800898,-0.36475317205658636,-1.0,-1.0,-1.0,LONG
TP,532.0,2.0305758795851387,-0.26290551830532405,2.0,0.31105563008482773,0.595525308880364,0.7160482880585317,1.4362321685398536,2.0,LONG
TP,425.0,2.062367090904918,-0.3750939621387536,2.0,-0.29777956001199846,0.3491059278104279,0.7815901324242231,2.0,2.0,LONG
TP,335.0,2.0664101095203886,-0.3029673380166422,2.00000000000001,0.3275322573152766,1.0305893457608013,0.9107216377016661,2.00000000000001,2.00000000000001,LONG
SL,251.0,0.48194063102339435,-1.0178228087253594,-1.0,0.09846098913380771,0.14133156334996877,-0.5422420980527131,-1.0,-1.0,LONG
SL,107.0,0.2365014285177555,-1.0567180859366372,-1.0,-0.8847988743404752,-1.0,-1.0,-1.0,-1.0,LONG
TIMEOUT,720.0,0.5981813339022233,-0.8864614948189641,0.12358677268930732,-0.39398288658621167,-0.6713190784311052,-0.23275953733276666,-0.1024996127703989,0.12358677268930732,LONG
TIMEOUT,720.0,0.7391750061800835,-0.8216797335213837,-0.09906179847440673,-0.19391417208445957,-0.48604825767043724,-0.30869115671909697,-0.03816545210345556,-0.09906179847440673,LONG
TIMEOUT,720.0,0.9163752436404474,-0.5550101793180333,0.2862349923842329,-0.2386173411557982,0.09100262234766746,-0.05264395885809172,0.19338057248878884,0.2862349923842329,LONG
TIMEOUT,720.0,0.8918630135389812,-0.7348320682591658,0.05274784648395766,-0.11549959488726926,-0.30527058281227937,0.09609808813455568,0.35286490406505805,0.05274784648395766,LONG
TIMEOUT,720.0,0.932926658300073,-0.789745209710315,0.09791556461856152,0.5829989027780332,-0.5043454164450863,0.13066109770411072,0.33612326608403376,0.09791556461856152,LONG
TP,335.0,2.501652620193986,-0.20330768198170032,2.000000000000022,0.06196043641348294,-0.07938680915475645,1.026219728098164,2.000000000000022,2.000000000000022,SHORT
TP,290.0,2.6503870474903795,-0.28805120504215775,1.999999999999988,-0.1732520044951962,-0.00947883307267699,0.6108581313508696,1.999999999999988,1.999999999999988,SHORT
TP,200.0,3.108140060887196,-0.12364007331611032,1.999999999999986,0.8593597175040595,0.8171262271138993,1.999999999999986,1.999999999999986,1.999999999999986,SHORT
TIMEOUT,720.0,1.3534839531036797,-0.43756467524995635,0.639491670993195,0.20462385044432227,0.49925522653712023,0.09236727351194007,0.9277180171709379,0.639491670993195,SHORT
SL,665.0,1.2081562533038397,-2.7127711715350245,-1.0,0.534323146669011,0.3037829378255269,0.10114472097519367,0.3840011648058614,-1.0,SHORT
SL,560.0,0.8228401957369142,-2.871396817232099,-1.0,-0.4064909433412761,-0.21129642406504018,-0.5494364246294503,0.2786615359364565,-1.0,SHORT
SL,455.0,1.1212575928695272,-2.6538780342761097,-1.0,-0.006380321732413063,-0.2555486757034225,0.7871302179353586,-1.0,-1.0,SHORT
SL,290.0,1.5008509953087084,-3.1205039456007433,-1.0,0.9923457416256409,0.09989230124898867,0.44067714789673074,-1.0,-1.0,SHORT
SL,140.0,0.6817067370478652,-3.0814700276826557,-1.0,0.3079702116020116,0.14461517398992307,-1.0,-1.0,-1.0,SHORT
SL,35.0,0.1639287982312479,-3.330885828330349,-1.0,-1.0,-1.0,-1.0,-1.0,-1.0,SHORT
TIMEOUT,720.0,0.42607267455146375,-0.8041096580214976,-0.0620949177393939,-0.015035561842558061,-0.26868744279688345,-0.27415491983054496,-0.3126225261030606,-0.0620949177393939,SHORT
TIMEOUT,720.0,0.8723513445688008,-0.7491553755922227,-0.4198298384118047,0.15003754880947123,0.1483169347176133,0.47936308598988925,0.4084737854055861,-0.4198298384118047,SHORT
TIMEOUT,720.0,0.41580779735744944,-0.3515109872480231,-0.04895696201225853,0.013381569616679249,0.2934153923268031,-0.14458622780953895,-0.15339848097174488,-0.04895696201225853,SHORT
TIMEOUT,720.0,0.08682615329337928,-0.7086798677897741,-0.5185546151236555,-0.15855210601398065,-0.5353707475796845,-0.434817139220164,-0.38814379199527166,-0.5185546151236555,SHORT
SL,588.0,0.13266789635941273,-1.0180730262165325,-1.0,-0.30289101261132984,-0.12450371812190855,-0.41147458317011404,-0.3526924998600951,-1.0,SHORT
SL,497.0,0.2994039397096176,-1.0282358262240396,-1.0,-0.03786139670204775,-0.3437416279527993,-0.3004002922544074,-0.4882127469474614,-1.0,SHORT
TP,213.0,2.024863244819652,-0.30628840130012475,2.0000000000000178,0.48443573675022,0.5145176333064827,2.0000000000000178,2.0000000000000178,2.0000000000000178,LONG
SL,600.0,1.2448021015901172,-1.0092435605311831,-1.0,0.16786537541354898,0.30735432280405084,0.2796616641309254,0.24957581273298868,-1.0,LONG
SL,515.0,0.6437326232903551,-1.092287218570954,-1.0,-0.32931856362372514,-0.7824864577481948,-0.6050518868302346,-0.4279721850541181,-1.0,LONG
SL,352.0,0.9373903161424125,-1.0706502298025673,-1.0,-0.20393337710524254,0.625512892879729,0.009845059584398517,-1.0,-1.0,LONG
SL,273.0,0.8197831294247234,-1.1933599030789819,-1.0,0.46631916312574434,0.09758436161257197,0.24209860705410086,-1.0,-1.0,LONG
SL,20.0,0.1607083504256583,-1.5191961251174821,-1.0,-1.0,-1.0,-1.0,-1.0,-1.0,LONG
SL,195.0,1.4253943448117625,-1.0014335404098544,-1.0,0.688743129386811,1.0843711947339043,-1.0,-1.0,-1.0,LONG
SL,165.0,0.9059137220748836,-1.014770141424099,-1.0,0.8105114669148775,0.4130020704148769,-1.0,-1.0,-1.0,LONG
SL,138.0,0.1262518778085318,-1.029208720108057,-1.0,-0.29003809766825295,-0.5937250469914697,-1.0,-1.0,-1.0,LONG
SL,248.0,1.1088608767487358,-1.053196159257546,-1.0,-0.26256012763530095,0.032512135879809036,-0.5428541475686774,-1.0,-1.0,LONG
SL,219.0,1.3035982379177233,-1.1789858429548374,-1.0,0.344337107713731,0.18717290345442794,-1.0,-1.0,-1.0,LONG
SL,150.0,0.8462686861878019,-1.1009071445989358,-1.0,-0.04142927299547081,0.4638057635345602,-1.0,-1.0,-1.0,LONG
SL,114.0,1.050206200749662,-1.2229895712499181,-1.0,0.6976536091897929,-1.0,-1.0,-1.0,-1.0,LONG
SL,60.0,0.6748992571241548,-1.0579866435796774,-1.0,-1.0,-1.0,-1.0,-1.0,-1.0,LONG
SL,314.0,0.7265278572204176,-1.0019226349573822,-1.0,0.29396874458820754,-0.4747077297177714,-0.17395234339546403,-1.0,-1.0,LONG
SL,70.0,0.1125886044344111,-1.1041701414115355,-1.0,-0.7550452404205993,-1.0,-1.0,-1.0,-1.0,LONG
SL,72.0,0.09356939213928944,-1.0547822386611043,-1.0,-0.4099230512768923,-1.0,-1.0,-1.0,-1.0,LONG
SL,193.0,0.5242507219360099,-1.018090935411698,-1.0,0.20427928509232557,-0.5553223284063835,-1.0,-1.0,-1.0,LONG
TP,495.0,2.1160029669953215,-0.30304443860273905,2.0,0.7030823997519325,0.5916122320493308,0.873906812594883,0.6832976513718018,2.0,LONG
TP,77.0,2.3858707503807866,-0.0027161552258532133,1.9999999999999754,0.3808049626632223,1.9999999999999754,1.9999999999999754,1.9999999999999754,1.9999999999999754,LONG
SL,55.0,1.2006355982570878,-1.190964195279181,-1.0,-1.0,-1.0,-1.0,-1.0,-1.0,LONG
TIMEOUT,720.0,1.0241241666967944,-0.22789868804828234,0.21014956904142187,0.15228744107901632,0.739783280206623,0.7003802360113524,0.13489330445226883,0.21014956904142187,LONG
TIMEOUT,720.0,0.8273083283181629,-0.5688239558819072,0.30321443994818087,0.48925985349342366,0.5834700841822722,0.05225105231481959,-0.3910912097504069,0.30321443994818087,LONG
SL,422.0,0.17401612630374344,-1.117347135775025,-1.0,-0.016732319836890604,-0.14501343858644722,-0.23648345369482085,-1.0,-1.0,LONG
SL,340.0,1.3422835513382736,-1.1708826190045847,-1.0,0.3577994462465869,0.5940113561189573,0.6732842873232938,-1.0,-1.0,LONG
TIMEOUT,720.0,1.894763373397775,-0.837421234835037,1.3277431073809602,0.031305466722812106,-0.26453119380771073,-0.10565595018945972,0.4120582057389107,1.3277431073809602,LONG
TP,248.0,2.037747913109092,-0.7532531196317579,1.99999999999998,0.15197212062747276,-0.4422608959709276,0.2347859138969144,1.99999999999998,1.99999999999998,LONG
TP,142.0,2.182651513885235,-0.5449843620842492,1.9999999999999754,-0.16284393289370055,0.7946783925212517,1.9999999999999754,1.9999999999999754,1.9999999999999754,LONG
TP,39.0,2.2856910788743914,-0.2684176863725144,1.9999999999999778,1.9999999999999778,1.9999999999999778,1.9999999999999778,1.9999999999999778,1.9999999999999778,LONG
SL,118.0,0.821971340082462,-1.1107260388264428,-1.0,0.1269157820438395,-1.0,-1.0,-1.0,-1.0,LONG
SL,29.0,0.24447406056887544,-1.1183985759357742,-1.0,-1.0,-1.0,-1.0,-1.0,-1.0,LONG
SL,105.0,0.889991765398387,-1.073757226018822,-1.0,-0.09237146823741019,-1.0,-1.0,-1.0,-1.0,LONG
SL,502.0,1.910239278127659,-1.1974516466610194,-1.0,1.1978463241978132,1.0660240269055272,1.1027290378282395,0.6910803669424543,-1.0,LONG
SL,169.0,0.16871178427391761,-1.0363151404568869,-1.0,-0.21840361622158885,-0.2857280336990595,-1.0,-1.0,-1.0,LONG
SL,18.0,0.11916600420145065,-1.006678504111701,-1.0,-1.0,-1.0,-1.0,-1.0,-1.0,LONG
SL,201.0,0.6411480465456346,-1.0077159695976288,-1.0,0.16668465935004198,-0.31815329170548723,-1.0,-1.0,-1.0,SHORT
SL,78.0,0.42073708551210653,-1.0471259303103682,-1.0,0.07546853551788318,-1.0,-1.0,-1.0,-1.0,SHORT
SL,111.0,0.1540178414204003,-1.000625466552797,-1.0,-0.6508970559390115,-1.0,-1.0,-1.0,-1.0,SHORT
SL,131.0,0.6278217729056584,-1.030356577169723,-1.0,0.41495871797588796,-0.14743044271401165,-1.0,-1.0,-1.0,SHORT
SL,40.0,0.1645732705322604,-1.0192136704745702,-1.0,-1.0,-1.0,-1.0,-1.0,-1.0,SHORT
SL,161.0,0.6223726223778214,-1.0036045608085689,-1.0,-0.031386565212190666,-0.35290747714169224,-1.0,-1.0,-1.0,SHORT
TP,478.0,3.4693627979495147,-0.5359371102778913,2.000000000000036,-0.22291189542530299,-0.21342628285402115,-0.3675674871374769,2.000000000000036,2.000000000000036,SHORT
TP,343.0,3.89205718007231,-0.6491263536507398,2.0,-0.28269857842763246,-0.5131789481011616,-0.19446781191203769,2.0,2.0,SHORT
TP,185.0,2.0608435856436382,-0.1404869218339972,1.9999999999999496,0.5199122304093186,0.08517711008832822,1.9999999999999496,1.9999999999999496,1.9999999999999496,SHORT
TP,176.0,2.100579283637744,-0.2411260987840166,2.000000000000053,-0.08114820632157851,0.2921335427575667,2.000000000000053,2.000000000000053,2.000000000000053,SHORT
TP,86.0,2.067303944148497,-0.1761078237826103,1.999999999999949,0.8760522953770914,1.999999999999949,1.999999999999949,1.999999999999949,1.999999999999949,SHORT
TIMEOUT,720.0,0.6710290511860445,-0.5263879466488659,-0.005944154980958137,0.12020402294868836,0.0601020114743592,-0.2278592742708328,-0.22191511928984461,-0.005944154980958137,SHORT
TIMEOUT,720.0,0.6143687905346601,-0.6557003283243453,-0.3789891854951777,0.056042763104625026,-0.217866241569313,-0.3222458878517293,-0.42522446505649886,-0.3789891854951777,SHORT
SL,324.0,1.7442410164749502,-1.1131102607116297,-1.0,-0.30520765213061524,0.4129279999413836,0.6905150500692538,-1.0,-1.0,SHORT
TP,101.0,2.326785816026916,-0.2609753467250931,2.0000000000000666,0.9837890879357498,2.0000000000000666,2.0000000000000666,2.0000000000000666,2.0000000000000666,SHORT
SL,201.0,1.3540136150335238,-1.0351827537781477,-1.0,0.766550794082116,0.34732212970799003,-1.0,-1.0,-1.0,SHORT
SL,125.0,0.2914163211103317,-1.0119180529589642,-1.0,-0.4461684364585683,-0.7687361574117221,-1.0,-1.0,-1.0,SHORT
SL,207.0,0.24888639254344738,-1.1121243265324061,-1.0,-0.08697145315644958,-0.039784813677932886,-1.0,-1.0,-1.0,SHORT
SL,176.0,0.6201629724986234,-1.0804312559552098,-1.0,0.24441045324992644,0.3443446339011767,-1.0,-1.0,-1.0,SHORT
SL,146.0,0.43425619273798466,-1.3276170252099195,-1.0,0.23487698708035215,0.26859987943195063,-1.0,-1.0,-1.0,SHORT
TP,280.0,2.533933854660361,-0.30419919057917894,1.9999999999999793,0.9866042404904094,1.075139825808245,1.041541706251727,1.9999999999999793,1.9999999999999793,SHORT
TP,196.0,3.1999386301471335,-0.32342411882034755,2.0,0.14946114581854092,0.2711535541625556,2.0,2.0,2.0,SHORT
TP,631.0,2.3124646178161754,-0.8091760268366772,1.9999999999999718,-0.13558829657985058,0.24629800663130896,-0.12625882663168936,-0.4453266988586162,1.9999999999999718,SHORT
SL,96.0,0.22691838251616278,-1.0928326269095952,-1.0,-0.34116548482471853,-1.0,-1.0,-1.0,-1.0,SHORT
TP,357.0,2.556154393539216,-0.9338623303600931,2.0000000000000395,-0.0652746270055982,0.14012286597198897,-0.20104585117723772,2.0000000000000395,2.0000000000000395,SHORT
SL,102.0,0.12591367733935624,-1.0412436012603028,-1.0,-0.1571688454732341,-1.0,-1.0,-1.0,-1.0,SHORT
TP,237.0,3.1657265714768217,-0.6498921696178681,2.0,0.003806103482385265,0.15129261342496572,2.0,2.0,2.0,SHORT
TP,207.0,2.4791662758734256,-0.44575738006601007,2.0000000000000373,-0.3324709740823803,0.12149556583750785,2.0000000000000373,2.0000000000000373,2.0000000000000373,SHORT
TP,102.0,2.5699269821434374,-0.028057885850778654,2.0,0.1788690222986192,2.0,2.0,2.0,2.0,SHORT
SL,494.0,1.2199452684161536,-1.004952654461212,-1.0,-0.0457548383545108,-0.18798072143240874,-0.059536416172135745,-0.5926078461578725,-1.0,SHORT
SL,342.0,1.5603185013190761,-1.091893073861767,-1.0,0.11809598804909538,-0.2111213194173845,-0.2487273044386014,-1.0,-1.0,SHORT
SL,64.0,1.3331760431913204,-1.1009671526303981,-1.0,-0.40906566186021914,-1.0,-1.0,-1.0,-1.0,SHORT
SL,147.0,0.5118098762219269,-1.0026939653410825,-1.0,-0.013078616939229529,-0.7363261336787285,-1.0,-1.0,-1.0,SHORT
SL,274.0,1.0754003692612213,-1.0060197002766438,-1.0,0.4717885490952485,0.352850259407366,-0.43016014770449523,-1.0,-1.0,SHORT
TIMEOUT,720.0,1.7842653134169326,-0.7855152670127483,1.3155873278650214,-0.14745541299820747,-0.566250712368578,0.5065011212280337,0.2768215002382624,1.3155873278650214,SHORT
TIMEOUT,720.0,1.793641857265618,-0.5236000556396676,0.958375101840439,0.5828167285989082,0.46957782767683565,-0.22491946834521895,0.7422861899891584,0.958375101840439,SHORT
TP,550.0,2.0020917678805814,-0.06158044430149574,1.999999999999989,0.70841755216118,0.8752181257022145,1.0972956334981196,1.1656644732344186,1.999999999999989,SHORT
TP,532.0,2.2767808369690723,-0.187659660990651,2.0000000000000107,0.26225437623444164,0.560633237209572,1.0246217490089613,0.603325810084949,2.0000000000000107,SHORT
TP,173.0,2.2178213226242613,-0.24298189490515978,2.0,0.04239952528546238,-0.040768774312946024,2.0,2.0,2.0,SHORT
TP,98.0,2.2173732049415436,-0.3105580733255798,1.999999999999987,-0.13440358606172123,1.999999999999987,1.999999999999987,1.999999999999987,1.999999999999987,SHORT
TP,39.0,2.0323544370579376,-0.27478955574678593,1.9999999999999876,1.9999999999999876,1.9999999999999876,1.9999999999999876,1.9999999999999876,1.9999999999999876,SHORT
TP,376.0,2.1430238016291674,-0.7950382806923205,2.0,-0.3226310558496616,-0.22419325924735864,0.577438940834584,2.0,2.0,SHORT
TP,241.0,2.2378867633706907,-0.2784677772190519,2.0000000000000115,-0.17803677559907258,0.46157682562723334,1.8736975756779966,2.0000000000000115,2.0000000000000115,SHORT
TP,167.0,2.0892701062959826,-0.08289119938729811,2.0,0.13000017295212676,0.9900607231166029,2.0,2.0,2.0,SHORT
TIMEOUT,720.0,1.3221425158874405,-0.42625662668213854,0.3477039639922706,-0.18529753867640805,0.055179631153311405,0.6248069151988607,0.27228376944647437,0.3477039639922706,SHORT
TIMEOUT,720.0,1.4602766873795292,-0.3065653710524081,0.21765050364752853,0.1941944343321335,0.3204753656464228,1.2412624587718042,0.22255991350424142,0.21765050364752853,SHORT
TIMEOUT,720.0,0.8888915530891924,-0.4392137630660679,0.48960631393822274,0.02092805391411954,0.03359503391477199,0.3637626213230568,0.2373681904469935,0.48960631393822274,SHORT
TIMEOUT,720.0,1.5237324610242569,-0.5286118408343774,1.348607714199956,0.0029432730558747074,0.25989101083338667,-0.05327324231125792,0.1715928191572659,1.348607714199956,SHORT
TIMEOUT,720.0,1.6371470450796806,-0.47043067064444233,0.9245562987890007,0.13859286124890438,-0.0797135411104854,-0.06431433430505158,0.4471808878205453,0.9245562987890007,SHORT
TP,562.0,2.152940832027641,-0.4271385910855925,1.9999999999999922,-0.2644674411947219,0.37945328519243104,0.2052835509017926,1.5577199925101066,1.9999999999999922,SHORT
TP,487.0,2.2687875263254234,-0.3377939543449231,1.9999999999999916,0.34224838011649195,0.24907664106091598,0.266894344147242,1.2513224396667166,1.9999999999999916,SHORT
TP,367.0,2.252010319212221,-0.18122897272395289,1.999999999999992,-0.09862559026431321,0.33183772608786966,1.2636181221951264,1.999999999999992,1.999999999999992,SHORT
TP,229.0,2.0589262811887323,-0.08391438120504974,2.0,0.7590093579267441,0.8984886672270298,2.0,2.0,2.0,SHORT
TP,281.0,2.01261836244197,-0.3051906015256321,2.0,0.16955033418091706,1.0225189384448763,0.5302640121745839,2.0,2.0,SHORT
TP,48.0,2.135337395576685,-0.11100760993359932,1.999999999999993,1.999999999999993,1.999999999999993,1.999999999999993,1.999999999999993,1.999999999999993,SHORT
TP,276.0,2.0290894688774763,-0.17051172007373666,1.9999999999999947,-0.02896363464266251,-0.0009343107949237405,0.3837681590152716,1.9999999999999947,1.9999999999999947,SHORT
TIMEOUT,720.0,1.9983853293450744,-0.23537717051012175,0.7881267512104121,0.12686055950498493,-0.09724502819197636,0.41528047266527146,0.37881358709327906,0.7881267512104121,SHORT
TIMEOUT,720.0,1.7112437854221012,-0.6594119858956152,0.520292438259498,-0.6070893440781687,-0.32664976386968836,0.0755499828111752,-0.04523219035620975,0.520292438259498,SHORT
TP,199.0,2.058508050504528,-0.014220216800209403,1.999999999999994,0.4355599738434794,0.5601185395193965,1.999999999999994,1.999999999999994,1.999999999999994,SHORT
TP,197.0,2.1268323704110075,-0.13839441503629196,2.0,0.13947773726750098,0.5679316797086307,2.0,2.0,2.0,SHORT
TIMEOUT,720.0,0.9887464735385909,-0.46133374301726027,0.4737692720309445,0.048522946543570804,-0.21433000005928826,0.6666418886940838,0.34868248018747144,0.4737692720309445,SHORT
TIMEOUT,720.0,0.6773914557519491,-0.589221113665748,-0.04226095706890836,0.2757603457661644,-0.09060262738513569,-0.04226095706890836,0.0881703420862012,-0.04226095706890836,SHORT
SL,708.0,0.6833735926318991,-1.0310724733404992,-1.0,0.14061597385045527,0.28924806022445215,0.08984726120136083,0.059118829861116655,-1.0,SHORT
SL,607.0,0.30618469754818817,-1.0046799432064135,-1.0,-0.2634867123120334,-0.47953121880611255,-0.12188997494767682,-0.2306421082842227,-1.0,SHORT
SL,556.0,0.5007461710532349,-1.083934446145297,-1.0,-0.16094132484101825,0.2527029710755388,0.18603239998327215,-0.32331642540444966,-1.0,SHORT
SL,458.0,0.376009047292619,-1.2568637542155119,-1.0,-0.14822268566744867,-0.01736669069128368,-0.2548460889813646,-1.0,-1.0,SHORT
SL,383.0,0.22418460790618322,-1.1951277521303303,-1.0,0.03612081248225982,-0.08519800335489157,-0.08951679615167923,-1.0,-1.0,SHORT
SL,337.0,0.1778983165859489,-1.0322338036189402,-1.0,0.13130590033724274,-0.3024271381961141,-0.24355126675457028,-1.0,-1.0,SHORT
SL,183.0,0.2431235697032223,-1.1204825386322044,-1.0,-0.13908671035653072,-0.7705403753751752,-1.0,-1.0,-1.0,SHORT
SL,160.0,0.23024523424108273,-1.0403976481515596,-1.0,-0.11246436841260937,-0.2621442187363037,-1.0,-1.0,-1.0,LONG
SL,130.0,0.09184703152418443,-1.0273110706603834,-1.0,-0.0780902074192437,-0.46570895719972266,-1.0,-1.0,-1.0,LONG
SL,55.0,0.14726435645775038,-1.0119449359292547,-1.0,-1.0,-1.0,-1.0,-1.0,-1.0,SHORT
SL,511.0,0.4112163958747333,-1.1640901952871852,-1.0,-0.06290997101068803,0.0976894671791896,-0.3038091282955161,-0.625008004675283,-1.0,SHORT
SL,466.0,0.3685643652396843,-1.2531188418149242,-1.0,0.3001166974094596,-0.036856436523970824,-0.553373068381297,-1.0,-1.0,SHORT
SL,346.0,0.30672580396783616,-1.0341868145104238,-1.0,-0.013889470368355491,-0.2650573928627697,-0.13600106402347042,-1.0,-1.0,SHORT
